Workbook

Sheet RESUMO1
A1: TOTAL APLICADO
B2: 45658 | C2: 45689 | D2: 45717 | E2: 45748 | F2: 45778 | G2: 45809 | H2: 45839 | I2: 45870 | J2: 45901 | K2: 45931 | L2: 45962 | M2: 45992
B3: =SUM(B17,B34,B41,B47,B57) -> 20969398 | C3: =SUM(C17,C34,C41,C47,C57) -> 20835815 | D3: =SUM(D17,D34,D41,D47,D57) -> 20668068 | E3: =SUM(E17,E34,E41,E47,E57) -> 20668068 | F3: =SUM(F17,F34,F41,F47,F57) -> 20668068 | G3: =SUM(G17,G34,G41,G47,G57) -> 20668068 | H3: =SUM(H17,H34,H41,H47,H57) -> 20668068 | I3: =SUM(I17,I34,I41,I47,I57) -> 20668068 | ... M3: =SUM(M17,M34,M41,M47,M57) -> 20668068
A5: RENDIMENTOS
B6: 45658 | C6: 45689 | D6: 45717 | E6: 45748 | F6: 45778 | G6: 45809 | H6: 45839 | I6: 45870 | J6: 45901 | K6: 45931 | L6: 45962 | M6: 45992
B7: ='BANCO XP RENATA'!F10+'BANCO ITAÚ RENATA HELIO'!F17+SICOOB!F7+SAFRA!F7+SANTANDER!F12 -> 270984.87 | C7: =SUM('BANCO XP RENATA'!F19+'BANCO ITAÚ RENATA HELIO'!F33+SICOOB!F13+SAFRA!F13+SANTANDER!F22) -> 160291.18 | D7: =SUM('BANCO XP RENATA'!F28+'BANCO ITAÚ RENATA HELIO'!F49+SICOOB!F19+SAFRA!F19+SANTANDER!F32) -> 0 | E7: =SUM('BANCO XP RENATA'!F37+'BANCO ITAÚ RENATA HELIO'!F65+SICOOB!F25+SAFRA!F25+SANTANDER!F42) -> 0 | F7: ='BANCO XP RENATA'!F46+'BANCO ITAÚ RENATA HELIO'!F81+SICOOB!F31+SAFRA!F31+SANTANDER!F52 -> 0 | G7: ='BANCO XP RENATA'!F55+'BANCO ITAÚ RENATA HELIO'!F97+SICOOB!F37+SAFRA!F37+SANTANDER!F62 -> 0 | H7: ='BANCO XP RENATA'!F64+'BANCO ITAÚ RENATA HELIO'!F113+SICOOB!F49+SAFRA!F43+SANTANDER!F72 -> 0 | I7: ='BANCO XP RENATA'!F73+'BANCO ITAÚ RENATA HELIO'!F129+SICOOB!F49+SAFRA!F49+SANTANDER!F82 -> 0 | J7: ='BANCO XP RENATA'!F82+'BANCO ITAÚ RENATA HELIO'!F145+SICOOB!F55+SAFRA!F55+SANTANDER!F92 -> 0 | K7: ='BANCO XP RENATA'!F91+'BANCO ITAÚ RENATA HELIO'!F161+SICOOB!F61+SAFRA!F61+SANTANDER!F102 -> 0 | L7: ='BANCO XP RENATA'!F100+'BANCO ITAÚ RENATA HELIO'!F177+SICOOB!F67+SAFRA!F67+SANTANDER!F112 -> 0 | M7: ='BANCO XP RENATA'!F109+'BANCO ITAÚ RENATA HELIO'!F193+SICOOB!F72+SAFRA!F73+SANTANDER!F122 -> 0
A9: BANCO XP RENATA
B10: 45658 | C10: 45689 | D10: 45717 | E10: 45748 | F10: 45778 | G10: 45809 | H10: 45839 | I10: 45870 | J10: 45901 | K10: 45931 | L10: 45962 | M10: 45992
A11: FUNDO DE INVESTIMENTO | B11: ='BANCO XP RENATA'!H4 -> 587936.23 | C11: ='BANCO XP RENATA'!H13 -> 600266.31 | D11: ='BANCO XP RENATA'!H22 -> 600266.31 | E11: ='BANCO XP RENATA'!H31 -> 600266.31 | F11: ='BANCO XP RENATA'!H40 -> 600266.31 | G11: ='BANCO XP RENATA'!H49 -> 600266.31 | H11: ='BANCO XP RENATA'!H58 -> 600266.31 | I11: ='BANCO XP RENATA'!H67 -> 600266.31 | J11: ='BANCO XP RENATA'!H76 -> 600266.31 | K11: ='BANCO XP RENATA'!H85 -> 600266.31 | L11: ='BANCO XP RENATA'!H94 -> 600266.31 | M11: ='BANCO XP RENATA'!H103 -> 600266.31
A12: RENDA FIXA | B12: ='BANCO XP RENATA'!H5 -> 2745455.6 | C12: ='BANCO XP RENATA'!H14 -> 2768239.4 | D12: ='BANCO XP RENATA'!H23 -> 2768239.4 | E12: ='BANCO XP RENATA'!H32 -> 2768239.4 | F12: ='BANCO XP RENATA'!H41 -> 2768239.4 | G12: ='BANCO XP RENATA'!H50 -> 2768239.4 | H12: ='BANCO XP RENATA'!H59 -> 2768239.4 | I12: ='BANCO XP RENATA'!H68 -> 2768239.4 | J12: ='BANCO XP RENATA'!H77 -> 2768239.4 | K12: ='BANCO XP RENATA'!H86 -> 2768239.4 | L12: ='BANCO XP RENATA'!H95 -> 2768239.4 | M12: ='BANCO XP RENATA'!H104 -> 2768239.4
A13: COE | B13: ='BANCO XP RENATA'!H6 -> 695652.71 | C13: ='BANCO XP RENATA'!H15 -> 698000.33 | D13: ='BANCO XP RENATA'!H24 -> 698000.33 | E13: ='BANCO XP RENATA'!H33 -> 698000.33 | F13: ='BANCO XP RENATA'!H42 -> 698000.33 | G13: ='BANCO XP RENATA'!H51 -> 698000.33 | H13: ='BANCO XP RENATA'!H60 -> 698000.33 | I13: ='BANCO XP RENATA'!H69 -> 698000.33 | J13: ='BANCO XP RENATA'!H78 -> 698000.33 | K13: ='BANCO XP RENATA'!H87 -> 698000.33 | L13: ='BANCO XP RENATA'!H96 -> 698000.33 | M13: ='BANCO XP RENATA'!H105 -> 698000.33
A14: XP 24 HORAS FIRF RL | B14: ='BANCO XP RENATA'!H7 -> 88804.34 | C14: ='BANCO XP RENATA'!H16 -> 89856.51 | D14: ='BANCO XP RENATA'!H25 -> 89856.51 | E14: ='BANCO XP RENATA'!H34 -> 89856.51 | F14: ='BANCO XP RENATA'!H43 -> 89856.51 | G14: ='BANCO XP RENATA'!H52 -> 89856.51 | H14: ='BANCO XP RENATA'!H61 -> 89856.51 | I14: ='BANCO XP RENATA'!H70 -> 89856.51 | J14: ='BANCO XP RENATA'!H79 -> 89856.51 | K14: ='BANCO XP RENATA'!H88 -> 89856.51 | L14: ='BANCO XP RENATA'!H97 -> 89856.51 | M14: ='BANCO XP RENATA'!H106 -> 89856.51
B15: ='BANCO XP RENATA'!H8 -> 0 | C15: ='BANCO XP RENATA'!H17 -> 0 | D15: ='BANCO XP RENATA'!H26 -> 0 | E15: ='BANCO XP RENATA'!H35 -> 0 | F15: ='BANCO XP RENATA'!H44 -> 0 | G15: ='BANCO XP RENATA'!H53 -> 0 | H15: ='BANCO XP RENATA'!H62 -> 0 | I15: ='BANCO XP RENATA'!H71 -> 0 | J15: ='BANCO XP RENATA'!H80 -> 0 | K15: ='BANCO XP RENATA'!H89 -> 0 | L15: ='BANCO XP RENATA'!H98 -> 0 | M15: ='BANCO XP RENATA'!H107 -> 0
B16: ='BANCO XP RENATA'!H9 -> 0 | C16: ='BANCO XP RENATA'!H18 -> 0 | D16: ='BANCO XP RENATA'!H27 -> 0 | E16: ='BANCO XP RENATA'!H36 -> 0 | F16: ='BANCO XP RENATA'!H45 -> 0 | G16: ='BANCO XP RENATA'!H54 -> 0 | H16: ='BANCO XP RENATA'!H63 -> 0 | I16: ='BANCO XP RENATA'!H72 -> 0 | J16: ='BANCO XP RENATA'!H81 -> 0 | K16: ='BANCO XP RENATA'!H90 -> 0 | L16: ='BANCO XP RENATA'!H99 -> 0 | M16: ='BANCO XP RENATA'!H108 -> 0
A17: TOTAL... | B17: =SUM(B11:B16) -> 4117848.9 | C17: =SUM(C11:C16) -> 4156362.5 | D17: =SUM(D11:D16) -> 4156362.5 | E17: =SUM(E11:E16) -> 4156362.5 | F17: =SUM(F11:F16) -> 4156362.5 | G17: =SUM(G11:G16) -> 4156362.5 | H17: =SUM(H11:H16) -> 4156362.5 | I17: =SUM(I11:I16) -> 4156362.5 | ... M17: =SUM(M11:M16) -> 4156362.5
A19: BANCO ITAÚ RENATA
B20: 45658 | C20: 45689 | D20: 45717 | E20: 45748 | F20: 45778 | G20: 45809 | H20: 45839 | I20: 45870 | J20: 45901 | K20: 45931 | L20: 45962 | M20: 45992
A21: Poupança | B21: ='BANCO ITAÚ RENATA HELIO'!H4 -> 1245.19 | C21: ='BANCO ITAÚ RENATA HELIO'!H20 -> 1425.55 | D21: ='BANCO ITAÚ RENATA HELIO'!H36 -> 1425.55 | E21: ='BANCO ITAÚ RENATA HELIO'!H52 -> 1425.55 | F21: ='BANCO ITAÚ RENATA HELIO'!H68 -> 1425.55 | G21: ='BANCO ITAÚ RENATA HELIO'!H84 -> 1425.55 | H21: ='BANCO ITAÚ RENATA HELIO'!H100 -> 1425.55 | I21: ='BANCO ITAÚ RENATA HELIO'!H116 -> 1425.55 | J21: ='BANCO ITAÚ RENATA HELIO'!H132 -> 1425.55 | K21: ='BANCO ITAÚ RENATA HELIO'!H148 -> 1425.55 | L21: ='BANCO ITAÚ RENATA HELIO'!H164 -> 1425.55 | M21: ='BANCO ITAÚ RENATA HELIO'!H180 -> 1425.55
A22: CDB Plus | B22: ='BANCO ITAÚ RENATA HELIO'!H5 -> 691003.88 | C22: ='BANCO ITAÚ RENATA HELIO'!H21 -> 697368.42 | D22: ='BANCO ITAÚ RENATA HELIO'!H37 -> 697368.42 | E22: ='BANCO ITAÚ RENATA HELIO'!H53 -> 697368.42 | F22: ='BANCO ITAÚ RENATA HELIO'!H69 -> 697368.42 | G22: ='BANCO ITAÚ RENATA HELIO'!H85 -> 697368.42 | H22: ='BANCO ITAÚ RENATA HELIO'!H101 -> 697368.42 | I22: ='BANCO ITAÚ RENATA HELIO'!H117 -> 697368.42 | J22: ='BANCO ITAÚ RENATA HELIO'!H133 -> 697368.42 | K22: ='BANCO ITAÚ RENATA HELIO'!H149 -> 697368.42 | L22: ='BANCO ITAÚ RENATA HELIO'!H165 -> 697368.42 | M22: ='BANCO ITAÚ RENATA HELIO'!H181 -> 697368.42
A23: LCADI | B23: ='BANCO ITAÚ RENATA HELIO'!H6 -> 386192.93 | C23: ='BANCO ITAÚ RENATA HELIO'!H22 -> 389907.98 | D23: ='BANCO ITAÚ RENATA HELIO'!H38 -> 389907.98 | E23: ='BANCO ITAÚ RENATA HELIO'!H54 -> 389907.98 | F23: ='BANCO ITAÚ RENATA HELIO'!H70 -> 389907.98 | G23: ='BANCO ITAÚ RENATA HELIO'!H86 -> 389907.98 | H23: ='BANCO ITAÚ RENATA HELIO'!H102 -> 389907.98 | I23: ='BANCO ITAÚ RENATA HELIO'!H118 -> 389907.98 | J23: ='BANCO ITAÚ RENATA HELIO'!H134 -> 389907.98 | K23: ='BANCO ITAÚ RENATA HELIO'!H150 -> 389907.98 | L23: ='BANCO ITAÚ RENATA HELIO'!H166 -> 389907.98 | M23: ='BANCO ITAÚ RENATA HELIO'!H182 -> 389907.98
A24: PIC | B24: ='BANCO ITAÚ RENATA HELIO'!H7 -> 5943.13 | C24: ='BANCO ITAÚ RENATA HELIO'!H23 -> 6446.26 | D24: ='BANCO ITAÚ RENATA HELIO'!H39 -> 6446.26 | E24: ='BANCO ITAÚ RENATA HELIO'!H55 -> 6446.26 | F24: ='BANCO ITAÚ RENATA HELIO'!H71 -> 6446.26 | G24: ='BANCO ITAÚ RENATA HELIO'!H87 -> 6446.26 | H24: ='BANCO ITAÚ RENATA HELIO'!H103 -> 6446.26 | I24: ='BANCO ITAÚ RENATA HELIO'!H119 -> 6446.26 | J24: ='BANCO ITAÚ RENATA HELIO'!H135 -> 6446.26 | K24: ='BANCO ITAÚ RENATA HELIO'!H151 -> 6446.26 | L24: ='BANCO ITAÚ RENATA HELIO'!H167 -> 6446.26 | M24: ='BANCO ITAÚ RENATA HELIO'!H183 -> 6446.26
A25: CDB | B25: ='BANCO ITAÚ RENATA HELIO'!H8 -> 203631.92 | C25: ='BANCO ITAÚ RENATA HELIO'!H24 -> 205490.17 | D25: ='BANCO ITAÚ RENATA HELIO'!H40 -> 205490.17 | E25: ='BANCO ITAÚ RENATA HELIO'!H56 -> 205490.17 | F25: ='BANCO ITAÚ RENATA HELIO'!H72 -> 205490.17 | G25: ='BANCO ITAÚ RENATA HELIO'!H88 -> 205490.17 | H25: ='BANCO ITAÚ RENATA HELIO'!H104 -> 205490.17 | I25: ='BANCO ITAÚ RENATA HELIO'!H120 -> 205490.17 | J25: ='BANCO ITAÚ RENATA HELIO'!H136 -> 205490.17 | K25: ='BANCO ITAÚ RENATA HELIO'!H152 -> 205490.17 | L25: ='BANCO ITAÚ RENATA HELIO'!H168 -> 205490.17 | M25: ='BANCO ITAÚ RENATA HELIO'!H184 -> 205490.17
A26: LCI DI | B26: ='BANCO ITAÚ RENATA HELIO'!H9 -> 238135.85 | C26: ='BANCO ITAÚ RENATA HELIO'!H25 -> 170064.7 | D26: ='BANCO ITAÚ RENATA HELIO'!H41 -> 1970064.7 | E26: ='BANCO ITAÚ RENATA HELIO'!H57 -> 1970064.7 | F26: ='BANCO ITAÚ RENATA HELIO'!H73 -> 1970064.7 | G26: ='BANCO ITAÚ RENATA HELIO'!H89 -> 1970064.7 | H26: ='BANCO ITAÚ RENATA HELIO'!H105 -> 1970064.7 | I26: ='BANCO ITAÚ RENATA HELIO'!H121 -> 1970064.7 | J26: ='BANCO ITAÚ RENATA HELIO'!H137 -> 1970064.7 | K26: ='BANCO ITAÚ RENATA HELIO'!H153 -> 1970064.7 | L26: ='BANCO ITAÚ RENATA HELIO'!H169 -> 1970064.7 | M26: ='BANCO ITAÚ RENATA HELIO'!H185 -> 1970064.7
A27: OPEA SECURITIZADORA | B27: ='BANCO ITAÚ RENATA HELIO'!H10 -> 6772682.3 | C27: ='BANCO ITAÚ RENATA HELIO'!H26 -> 6826823.3 | D27: ='BANCO ITAÚ RENATA HELIO'!H42 -> 5285853.4 | E27: ='BANCO ITAÚ RENATA HELIO'!H58 -> 5285853.4 | F27: ='BANCO ITAÚ RENATA HELIO'!H74 -> 5285853.4 | G27: ='BANCO ITAÚ RENATA HELIO'!H90 -> 5285853.4 | H27: ='BANCO ITAÚ RENATA HELIO'!H106 -> 5285853.4 | I27: ='BANCO ITAÚ RENATA HELIO'!H122 -> 5285853.4 | J27: ='BANCO ITAÚ RENATA HELIO'!H138 -> 5285853.4 | K27: ='BANCO ITAÚ RENATA HELIO'!H154 -> 5285853.4 | L27: ='BANCO ITAÚ RENATA HELIO'!H170 -> 5285853.4 | M27: ='BANCO ITAÚ RENATA HELIO'!H186 -> 5285853.4
A28: CDBDI | B28: ='BANCO ITAÚ RENATA HELIO'!H11 -> 630587.53 | C28: ='BANCO ITAÚ RENATA HELIO'!H27 -> 637993.57 | D28: ='BANCO ITAÚ RENATA HELIO'!H43 -> 637993.57 | E28: ='BANCO ITAÚ RENATA HELIO'!H59 -> 637993.57 | F28: ='BANCO ITAÚ RENATA HELIO'!H75 -> 637993.57 | G28: ='BANCO ITAÚ RENATA HELIO'!H91 -> 637993.57 | H28: ='BANCO ITAÚ RENATA HELIO'!H107 -> 637993.57 | I28: ='BANCO ITAÚ RENATA HELIO'!H123 -> 637993.57 | J28: ='BANCO ITAÚ RENATA HELIO'!H139 -> 637993.57 | K28: ='BANCO ITAÚ RENATA HELIO'!H155 -> 637993.57 | L28: ='BANCO ITAÚ RENATA HELIO'!H171 -> 637993.57 | M28: ='BANCO ITAÚ RENATA HELIO'!H187 -> 637993.57
A29: LCI PRÉ | B29: ='BANCO ITAÚ RENATA HELIO'!H12 -> 85543.64 | C29: ='BANCO ITAÚ RENATA HELIO'!H28 -> 48359.56 | D29: ='BANCO ITAÚ RENATA HELIO'!H44 -> 21958.91 | E29: ='BANCO ITAÚ RENATA HELIO'!H60 -> 21958.91 | F29: ='BANCO ITAÚ RENATA HELIO'!H76 -> 21958.91 | G29: ='BANCO ITAÚ RENATA HELIO'!H92 -> 21958.91 | H29: ='BANCO ITAÚ RENATA HELIO'!H108 -> 21958.91 | I29: ='BANCO ITAÚ RENATA HELIO'!H124 -> 21958.91 | J29: ='BANCO ITAÚ RENATA HELIO'!H140 -> 21958.91 | K29: ='BANCO ITAÚ RENATA HELIO'!H156 -> 21958.91 | L29: ='BANCO ITAÚ RENATA HELIO'!H172 -> 21958.91 | M29: ='BANCO ITAÚ RENATA HELIO'!H188 -> 21958.91
A30: CDB HELIO | B30: ='BANCO ITAÚ RENATA HELIO'!H13 -> 4696.94 | C30: ='BANCO ITAÚ RENATA HELIO'!H29 -> -1.1013412e-13 | D30: ='BANCO ITAÚ RENATA HELIO'!H45 -> -1.1013412e-13 | E30: ='BANCO ITAÚ RENATA HELIO'!H61 -> -1.1013412e-13 | F30: ='BANCO ITAÚ RENATA HELIO'!H77 -> -1.1013412e-13 | G30: ='BANCO ITAÚ RENATA HELIO'!H93 -> -1.1013412e-13 | H30: ='BANCO ITAÚ RENATA HELIO'!H109 -> -1.1013412e-13 | I30: ='BANCO ITAÚ RENATA HELIO'!H125 -> -1.1013412e-13 | J30: ='BANCO ITAÚ RENATA HELIO'!H141 -> -1.1013412e-13 | K30: ='BANCO ITAÚ RENATA HELIO'!H157 -> -1.1013412e-13 | L30: ='BANCO ITAÚ RENATA HELIO'!H173 -> -1.1013412e-13 | M30: ='BANCO ITAÚ RENATA HELIO'!H189 -> -1.1013412e-13
A31: CDB HOLDING | B31: ='BANCO ITAÚ RENATA HELIO'!H14 -> 254847.93 | C31: ='BANCO ITAÚ RENATA HELIO'!H30 -> 251124.69 | D31: ='BANCO ITAÚ RENATA HELIO'!H46 -> 251124.69 | E31: ='BANCO ITAÚ RENATA HELIO'!H62 -> 251124.69 | F31: ='BANCO ITAÚ RENATA HELIO'!H78 -> 251124.69 | G31: ='BANCO ITAÚ RENATA HELIO'!H94 -> 251124.69 | H31: ='BANCO ITAÚ RENATA HELIO'!H110 -> 251124.69 | I31: ='BANCO ITAÚ RENATA HELIO'!H126 -> 251124.69 | J31: ='BANCO ITAÚ RENATA HELIO'!H142 -> 251124.69 | K31: ='BANCO ITAÚ RENATA HELIO'!H158 -> 251124.69 | L31: ='BANCO ITAÚ RENATA HELIO'!H174 -> 251124.69 | M31: ='BANCO ITAÚ RENATA HELIO'!H190 -> 251124.69
A34: TOTAL... | B34: =SUM(B21:B31) -> 9274511.3 | C34: =SUM(C21:C31) -> 9235004.2 | D34: =SUM(D21:D31) -> 9467633.6 | E34: =SUM(E21:E31) -> 9467633.6 | F34: =SUM(F21:F31) -> 9467633.6 | G34: =SUM(G21:G31) -> 9467633.6 | H34: =SUM(H21:H31) -> 9467633.6 | I34: =SUM(I21:I31) -> 9467633.6 | J34: =SUM(J21:J33) -> 9467633.6 | K34: =SUM(K21:K33) -> 9467633.6 | L34: =SUM(L21:L33) -> 9467633.6 | M34: =SUM(M21:M33) -> 9467633.6
A36: BANCO SICOOB CONJUNTA
B37: 45658 | C37: 45689 | D37: 45717 | E37: 45748 | F37: 45778 | G37: 45809 | H37: 45839 | I37: 45870 | J37: 45901 | K37: 45931 | L37: 45962 | M37: 45992
A38: RDC PÓS CDI | B38: =SICOOB!H4 -> 1285909.6 | C38: =SICOOB!H10 -> 1300989.1 | D38: =SICOOB!H16 -> 1300989.1 | E38: =SICOOB!H22 -> 1300989.1 | F38: =SICOOB!H28 -> 1300989.1 | G38: =SICOOB!H34 -> 1300989.1 | H38: =SICOOB!H40 -> 1300989.1 | I38: =SICOOB!H46 -> 1300989.1 | J38: =SICOOB!H52 -> 1300989.1 | K38: =SICOOB!H58 -> 1300989.1 | L38: =SICOOB!H64 -> 1300989.1 | M38: =SICOOB!H69 -> 1300989.1
B39: =SICOOB!H5 -> 0 | C39: =SICOOB!H11 -> 0 | D39: =SICOOB!H17 -> 0 | E39: =SICOOB!H23 -> 0 | F39: =SICOOB!H29 -> 0 | G39: =SICOOB!H35 -> 0 | H39: =SICOOB!H41 -> 0 | I39: =SICOOB!H47 -> 0 | J39: =SICOOB!H53 -> 0 | K39: =SICOOB!H59 -> 0 | L39: =SICOOB!H65 -> 0
B40: =SICOOB!H6 -> 0 | C40: =SICOOB!H12 -> 0 | D40: =SICOOB!H18 -> 0 | E40: =SICOOB!H24 -> 0 | F40: =SICOOB!H30 -> 0 | G40: =SICOOB!H36 -> 0 | H40: =SICOOB!H42 -> 0 | I40: =SICOOB!H48 -> 0 | J40: =SICOOB!H54 -> 0 | K40: =SICOOB!H60 -> 0 | L40: =SICOOB!H66 -> 0 | M40: =SICOOB!H71 -> 0
A41: TOTAL... | B41: =SUM(B38:B40) -> 1285909.6 | C41: =SUM(C38:C40) -> 1300989.1 | D41: =SUM(D38:D40) -> 1300989.1 | E41: =SUM(E38:E40) -> 1300989.1 | F41: =SUM(F38:F40) -> 1300989.1 | G41: =SUM(G38:G40) -> 1300989.1 | H41: =SUM(H38:H40) -> 1300989.1 | I41: =SUM(I38:I40) -> 1300989.1 | ... M41: =SUM(M38:M40) -> 1300989.1
A42: BANCO SAFRA CONJUNTA
B43: 45658 | C43: 45689 | D43: 45717 | E43: 45748 | F43: 45778 | G43: 45809 | H43: 45839 | I43: 45870 | J43: 45901 | K43: 45931 | L43: 45962 | M43: 45992
A44: RDC PÓS CDI | B44: =SAFRA!H4 -> 1389263.2 | C44: =SAFRA!H10 -> 1235751.5 | D44: =SAFRA!H16 -> 894515.45 | E44: =SAFRA!H22 -> 894515.45 | F44: =SAFRA!H28 -> 894515.45 | G44: =SAFRA!H34 -> 894515.45 | H44: =SAFRA!H40 -> 894515.45 | I44: =SAFRA!H46 -> 894515.45 | J44: =SAFRA!H52 -> 894515.45 | K44: =SAFRA!H58 -> 894515.45 | L44: =SAFRA!H64 -> 894515.45 | M44: =SAFRA!H70 -> 894515.45
A45: MULTIMERCADO | B45: =SAFRA!H5 -> 119009.3 | C45: =SAFRA!H11 -> 120446.5 | D45: =SAFRA!H17 -> 61306.78 | E45: =SAFRA!H23 -> 61306.78 | F45: =SAFRA!H29 -> 61306.78 | G45: =SAFRA!H35 -> 61306.78 | H45: =SAFRA!H41 -> 61306.78 | I45: =SAFRA!H47 -> 61306.78 | J45: =SAFRA!H53 -> 61306.78 | K45: =SAFRA!H59 -> 61306.78 | L45: =SAFRA!H65 -> 61306.78 | M45: =SAFRA!H71 -> 61306.78
B46: =SAFRA!H6 -> 0 | C46: =SAFRA!H12 -> 0 | D46: =SAFRA!H18 -> 0 | E46: =SAFRA!H24 -> 0 | F46: =SAFRA!H30 -> 0 | G46: =SAFRA!H36 -> 0 | H46: =SAFRA!H42 -> 0 | I46: =SAFRA!H48 -> 0 | J46: =SAFRA!H54 -> 0 | K46: =SAFRA!H60 -> 0 | L46: =SAFRA!H66 -> 0 | M46: =SAFRA!H72 -> 0
A47: TOTAL... | B47: =SUM(B44:B46) -> 1508272.5 | C47: =SUM(C44:C46) -> 1356198 | D47: =SUM(D44:D46) -> 955822.23 | E47: =SUM(E44:E46) -> 955822.23 | F47: =SUM(F44:F46) -> 955822.23 | G47: =SUM(G44:G46) -> 955822.23 | H47: =SUM(H44:H46) -> 955822.23 | I47: =SUM(I44:I46) -> 955822.23 | ... M47: =SUM(M44:M46) -> 955822.23
A48: BANCO SAFRA CONJUNTA
B49: 45658 | C49: 45689 | D49: 45717 | E49: 45748 | F49: 45778 | G49: 45809 | H49: 45839 | I49: 45870 | J49: 45901 | K49: 45931 | L49: 45962 | M49: 45992
A50: FUNDOS | B50: =SANTANDER!H5 -> 2745346.6 | C50: =SANTANDER!H15 -> 2745923.8 | D50: =SANTANDER!H25 -> 2745923.8 | E50: =SANTANDER!H35 -> 2745923.8 | F50: =SANTANDER!H45 -> 2745923.8 | G50: =SANTANDER!H55 -> 2745923.8 | H50: =SANTANDER!H65 -> 2745923.8 | I50: =SANTANDER!H75 -> 2745923.8 | J50: =SANTANDER!H85 -> 2745923.8 | K50: =SANTANDER!H95 -> 2745923.8 | L50: =SANTANDER!H105 -> 2745923.8 | M50: =SANTANDER!H115 -> 2745923.8
A51: CRÉDITO PRIVADO | B51: =SANTANDER!H6 -> 266650.68 | C51: =SANTANDER!H16 -> 269176.41 | D51: =SANTANDER!H26 -> 269176.41 | E51: =SANTANDER!H36 -> 269176.41 | F51: =SANTANDER!H46 -> 269176.41 | G51: =SANTANDER!H56 -> 269176.41 | H51: =SANTANDER!H66 -> 269176.41 | I51: =SANTANDER!H76 -> 269176.41 | J51: =SANTANDER!H86 -> 269176.41 | K51: =SANTANDER!H96 -> 269176.41 | L51: =SANTANDER!H106 -> 269176.41 | M51: =SANTANDER!H116 -> 269176.41
A52: TÍTULOS PÚBLICOS | B52: =SANTANDER!H7 -> 449846.65 | C52: =SANTANDER!H17 -> 442317.98 | D52: =SANTANDER!H27 -> 442317.98 | E52: =SANTANDER!H37 -> 442317.98 | F52: =SANTANDER!H47 -> 442317.98 | G52: =SANTANDER!H57 -> 442317.98 | H52: =SANTANDER!H67 -> 442317.98 | I52: =SANTANDER!H77 -> 442317.98 | J52: =SANTANDER!H87 -> 442317.98 | K52: =SANTANDER!H97 -> 442317.98 | L52: =SANTANDER!H107 -> 442317.98 | M52: =SANTANDER!H117 -> 442317.98
A53: CDB | B53: =SANTANDER!H8 -> 940136.91 | C53: =SANTANDER!H18 -> 945111.97 | D53: =SANTANDER!H28 -> 945111.97 | E53: =SANTANDER!H38 -> 945111.97 | F53: =SANTANDER!H48 -> 945111.97 | G53: =SANTANDER!H58 -> 945111.97 | H53: =SANTANDER!H68 -> 945111.97 | I53: =SANTANDER!H78 -> 945111.97 | J53: =SANTANDER!H88 -> 945111.97 | K53: =SANTANDER!H98 -> 945111.97 | L53: =SANTANDER!H108 -> 945111.97 | M53: =SANTANDER!H118 -> 945111.97
A54: PREVIDENCIA | B54: =SANTANDER!H9 -> 358062.7 | C54: =SANTANDER!H19 -> 361345.84 | D54: =SANTANDER!H29 -> 361345.84 | E54: =SANTANDER!H39 -> 361345.84 | F54: =SANTANDER!H49 -> 361345.84 | G54: =SANTANDER!H59 -> 361345.84 | H54: =SANTANDER!H69 -> 361345.84 | I54: =SANTANDER!H79 -> 361345.84 | J54: =SANTANDER!H89 -> 361345.84 | K54: =SANTANDER!H99 -> 361345.84 | L54: =SANTANDER!H109 -> 361345.84 | M54: =SANTANDER!H119 -> 361345.84
A55: LCADI | B55: =SANTANDER!H10 -> 22812.07 | C55: =SANTANDER!H20 -> 23384.9 | D55: =SANTANDER!H30 -> 23384.9 | E55: =SANTANDER!H40 -> 23384.9 | F55: =SANTANDER!H50 -> 23384.9 | G55: =SANTANDER!H60 -> 23384.9 | H55: =SANTANDER!H70 -> 23384.9 | I55: =SANTANDER!H80 -> 23384.9 | J55: =SANTANDER!H90 -> 23384.9 | K55: =SANTANDER!H100 -> 23384.9 | L55: =SANTANDER!H110 -> 23384.9 | M55: =SANTANDER!H120 -> 23384.9
A56: HELIO | B56: =SANTANDER!H11 -> 0 | C56: =SANTANDER!H21 -> 0 | D56: =SANTANDER!H31 -> 0 | E56: =SANTANDER!H41 -> 0 | F56: =SANTANDER!H51 -> 0 | G56: =SANTANDER!H61 -> 0 | H56: =SANTANDER!H71 -> 0 | I56: =SANTANDER!H81 -> 0 | J56: =SANTANDER!H91 -> 0 | K56: =SANTANDER!H101 -> 0 | L56: =SANTANDER!H111 -> 0 | M56: =SANTANDER!H121 -> 0
A57: TOTAL... | B57: =SUM(B50:B56) -> 4782855.6 | C57: =SUM(C50:C56) -> 4787260.9 | D57: =SUM(D50:D56) -> 4787260.9 | E57: =SUM(E50:E56) -> 4787260.9 | F57: =SUM(F50:F56) -> 4787260.9 | G57: =SUM(G50:G56) -> 4787260.9 | H57: =SUM(H50:H56) -> 4787260.9 | I57: =SUM(I50:I56) -> 4787260.9 | ... M57: =SUM(M50:M56) -> 4787260.9

Sheet BANCO XP RENATA
A3: 46023 | B3: SALDO ANTERIOR | C3: ENTRADA | D3: SAÍDA | E3: SUB TOTAL | F3: RENDIMENTO $ | G3: RENDIMENTO % | H3: SALDO EM 30/01/2026
A4: FUNDO DE INVESTIMENTO | B4: 586737.13 | E4: =C4+B4-D4 -> 586737.13 | F4: 1199.1 | G4: =F4/B4 -> 0.002043675 | H4: =F4+E4 -> 587936.23
A5: RENDA FIXA | B5: 2744619.8 | D5: 25206.33 | E5: =C5+B5-D5 -> 2719413.4 | F5: 26042.13 | G5: =F5/B5 -> 0.009488429 | H5: =F5+E5 -> 2745455.6
A6: COE | B6: 677006.44 | E6: =C6+B6-D6 -> 677006.44 | F6: 18646.27 | G6: =F6/B6 -> 0.027542234 | H6: =F6+E6 -> 695652.71
A7: XP 24 HORAS FIRF RL | B7: 86892.8 | E7: =C7+B7-D7 -> 86892.8 | F7: 1911.54 | G7: =F7/B7 -> 0.021998831 | H7: =F7+E7 -> 88804.34
E8: =C8+B8-D8 -> 0 | G8: =F8/B8 -> #DIV/0! | H8: =F8+E8 -> 0
E9: =C9+B9-D9 -> 0 | G9: =F9/B9 -> #DIV/0! | H9: =F9+E9 -> 0
A10: TOTAL | B10: =SUM(B4:B9) -> 4095256.1 | F10: =SUM(F4:F9) -> 47799.04 | H10: =SUM(H4:H9) -> 4117848.9
A12: 46054 | B12: SALDO ANTERIOR | C12: ENTRADA | D12: SAÍDA | E12: SUB TOTAL | F12: RENDIMENTO $ | G12: RENDIMENTO % | H12: SALDO EM 30/02/2026
A13: FUNDO DE INVESTIMENTO | B13: =H4 -> 587936.23 | E13: =C13+B13-D13 -> 587936.23 | F13: 12330.08 | G13: =F13/B13 -> 0.020971798 | H13: =F13+E13 -> 600266.31
A14: RENDA FIXA | B14: =H5 -> 2745455.6 | E14: =C14+B14-D14 -> 2745455.6 | F14: 22783.82 | G14: =F14/B14 -> 0.0082987393 | H14: =F14+E14 -> 2768239.4
A15: COE | B15: =H6 -> 695652.71 | E15: =C15+B15-D15 -> 695652.71 | F15: 2347.62 | G15: =F15/B15 -> 0.0033747011 | H15: =F15+E15 -> 698000.33
A16: XP 24 HORAS FIRF RL | B16: =H7 -> 88804.34 | E16: =C16+B16-D16 -> 88804.34 | F16: 1052.17 | G16: =F16/B16 -> 0.011848182 | H16: =F16+E16 -> 89856.51
B17: =H8 -> 0 | E17: =C17+B17-D17 -> 0 | G17: =F17/B17 -> #DIV/0! | H17: =F17+E17 -> 0
B18: =H9 -> 0 | E18: =C18+B18-D18 -> 0 | G18: =F18/B18 -> #DIV/0! | H18: =F18+E18 -> 0
A19: TOTAL | B19: =SUM(B13:B18) -> 4117848.9 | F19: =SUM(F13:F18) -> 38513.69 | H19: =SUM(H13:H18) -> 4156362.5
A21: 46082 | B21: SALDO ANTERIOR | C21: ENTRADA | D21: SAÍDA | E21: SUB TOTAL | F21: RENDIMENTO $ | G21: RENDIMENTO % | H21: SALDO EM 30/03/2026
A22: FUNDO DE INVESTIMENTO | B22: =H13 -> 600266.31 | E22: =C22+B22-D22 -> 600266.31 | G22: =F22/B22 -> 0 | H22: =F22+E22 -> 600266.31
A23: RENDA FIXA | B23: =H14 -> 2768239.4 | E23: =C23+B23-D23 -> 2768239.4 | G23: =F23/B23 -> 0 | H23: =F23+E23 -> 2768239.4
A24: COE | B24: =H15 -> 698000.33 | E24: =C24+B24-D24 -> 698000.33 | G24: =F24/B24 -> 0 | H24: =F24+E24 -> 698000.33
A25: XP 24 HORAS FIRF RL | B25: =H16 -> 89856.51 | E25: =C25+B25-D25 -> 89856.51 | G25: =F26/B26 -> #DIV/0! | H25: =F25+E25 -> 89856.51
B26: =H17 -> 0 | E26: =C26+B26-D26 -> 0 | G26: =F26/B26 -> #DIV/0! | H26: =F26+E26 -> 0
B27: =H18 -> 0 | E27: =C27+B27-D27 -> 0 | G27: =F27/B27 -> #DIV/0! | H27: =F27+E27 -> 0
A28: TOTAL | B28: =SUM(B22:B27) -> 4156362.5 | F28: =SUM(F22:F27) -> 0 | H28: =SUM(H22:H27) -> 4156362.5
A30: 46113 | B30: SALDO ANTERIOR | C30: ENTRADA | D30: SAÍDA | E30: SUB TOTAL | F30: RENDIMENTO $ | G30: RENDIMENTO % | H30: SALDO EM 30/04/2026
A31: FUNDO DE INVESTIMENTO | B31: =H22 -> 600266.31 | E31: =C31+B31-D31 -> 600266.31 | G31: =F31/B31 -> 0 | H31: =F31+E31 -> 600266.31
A32: RENDA FIXA | B32: =H23 -> 2768239.4 | E32: =C32+B32-D32 -> 2768239.4 | G32: =F32/B32 -> 0 | H32: =F32+E32 -> 2768239.4
A33: COE | B33: =H24 -> 698000.33 | E33: =C33+B33-D33 -> 698000.33 | G33: =F33/B33 -> 0 | H33: =F33+E33 -> 698000.33
A34: XP 24 HORAS FIRF RL | B34: =H25 -> 89856.51 | E34: =C34+B34-D34 -> 89856.51 | G34: =F34/B34 -> 0 | H34: =F34+E34 -> 89856.51
B35: =H26 -> 0 | E35: =C35+B35-D35 -> 0 | G35: =F35/B35 -> #DIV/0! | H35: =F35+E35 -> 0
B36: =H27 -> 0 | E36: =C36+B36-D36 -> 0 | G36: =F36/B36 -> #DIV/0! | H36: =F36+E36 -> 0
A37: TOTAL | B37: =SUM(B31:B36) -> 4156362.5 | F37: =SUM(F31:F36) -> 0 | H37: =SUM(H31:H36) -> 4156362.5
A39: 46143 | B39: SALDO ANTERIOR | C39: ENTRADA | D39: SAÍDA | E39: SUB TOTAL | F39: RENDIMENTO $ | G39: RENDIMENTO % | H39: SALDO EM 30/05/2026
A40: FUNDO DE INVESTIMENTO | B40: =H31 -> 600266.31 | E40: =C40+B40-D40 -> 600266.31 | G40: =F40/B40 -> 0 | H40: =F40+E40 -> 600266.31
A41: RENDA FIXA | B41: =H32 -> 2768239.4 | E41: =C41+B41-D41 -> 2768239.4 | G41: =F41/B41 -> 0 | H41: =F41+E41 -> 2768239.4
A42: COE | B42: =H33 -> 698000.33 | E42: =C42+B42-D42 -> 698000.33 | G42: =F42/B42 -> 0 | H42: =F42+E42 -> 698000.33
A43: XP 24 HORAS FIRF RL | B43: =H34 -> 89856.51 | E43: =C43+B43-D43 -> 89856.51 | G43: =F43/B43 -> 0 | H43: =F43+E43 -> 89856.51
B44: =H35 -> 0 | E44: =C44+B44-D44 -> 0 | G44: =F44/B44 -> #DIV/0! | H44: =F44+E44 -> 0
B45: =H36 -> 0 | E45: =C45+B45-D45 -> 0 | G45: =F45/B45 -> #DIV/0! | H45: =F45+E45 -> 0
A46: TOTAL | B46: =SUM(B40:B45) -> 4156362.5 | F46: =SUM(F40:F45) -> 0 | H46: =SUM(H40:H45) -> 4156362.5
A48: 46174 | B48: SALDO ANTERIOR | C48: ENTRADA | D48: SAÍDA | E48: SUB TOTAL | F48: RENDIMENTO $ | G48: RENDIMENTO % | H48: SALDO EM 30/06/2026
A49: FUNDO DE INVESTIMENTO | B49: =H40 -> 600266.31 | E49: =C49+B49-D49 -> 600266.31 | G49: =F49/B49 -> 0 | H49: =F49+E49 -> 600266.31
A50: RENDA FIXA | B50: =H41 -> 2768239.4 | E50: =C50+B50-D50 -> 2768239.4 | G50: =F50/B50 -> 0 | H50: =F50+E50 -> 2768239.4
A51: COE | B51: =H42 -> 698000.33 | E51: =C51+B51-D51 -> 698000.33 | G51: =F51/B51 -> 0 | H51: =F51+E51 -> 698000.33
A52: XP 24 HORAS FIRF RL | B52: =H43 -> 89856.51 | E52: =C52+B52-D52 -> 89856.51 | G52: =F52/B52 -> 0 | H52: =F52+E52 -> 89856.51
B53: =H44 -> 0 | E53: =C53+B53-D53 -> 0 | G53: =F53/B53 -> #DIV/0! | H53: =F53+E53 -> 0
B54: =H45 -> 0 | E54: =C54+B54-D54 -> 0 | G54: =F54/B54 -> #DIV/0! | H54: =F54+E54 -> 0
A55: TOTAL | B55: =SUM(B49:B54) -> 4156362.5 | F55: =SUM(F49:F54) -> 0 | H55: =SUM(H49:H54) -> 4156362.5
A57: 46204 | B57: SALDO ANTERIOR | C57: ENTRADA | D57: SAÍDA | E57: SUB TOTAL | F57: RENDIMENTO $ | G57: RENDIMENTO % | H57: SALDO EM 30/07/2026
A58: FUNDO DE INVESTIMENTO | B58: =H49 -> 600266.31 | E58: =C58+B58-D58 -> 600266.31 | G58: =F58/B58 -> 0 | H58: =F58+E58 -> 600266.31
A59: RENDA FIXA | B59: =H50 -> 2768239.4 | E59: =C59+B59-D59 -> 2768239.4 | G59: =F59/B59 -> 0 | H59: =F59+E59 -> 2768239.4
A60: COE | B60: =H51 -> 698000.33 | E60: =C60+B60-D60 -> 698000.33 | G60: =F60/B60 -> 0 | H60: =F60+E60 -> 698000.33
A61: XP 24 HORAS FIRF RL | B61: =H52 -> 89856.51 | E61: =C61+B61-D61 -> 89856.51 | G61: =F61/B61 -> 0 | H61: =F61+E61 -> 89856.51
B62: =H53 -> 0 | E62: =C62+B62-D62 -> 0 | G62: =F62/B62 -> #DIV/0! | H62: =F62+E62 -> 0
B63: =H54 -> 0 | E63: =C63+B63-D63 -> 0 | G63: =F63/B63 -> #DIV/0! | H63: =F63+E63 -> 0
A64: TOTAL | B64: =SUM(B58:B63) -> 4156362.5 | F64: =SUM(F58:F63) -> 0 | H64: =SUM(H58:H63) -> 4156362.5
A66: 46235 | B66: SALDO ANTERIOR | C66: ENTRADA | D66: SAÍDA | E66: SUB TOTAL | F66: RENDIMENTO $ | G66: RENDIMENTO % | H66: SALDO EM 30/08/2026
A67: FUNDO DE INVESTIMENTO | B67: =H58 -> 600266.31 | E67: =C67+B67-D67 -> 600266.31 | G67: =F67/B67 -> 0 | H67: =F67+E67 -> 600266.31
A68: RENDA FIXA | B68: =H59 -> 2768239.4 | E68: =C68+B68-D68 -> 2768239.4 | G68: =F68/B68 -> 0 | H68: =F68+E68 -> 2768239.4
A69: COE | B69: =H60 -> 698000.33 | E69: =C69+B69-D69 -> 698000.33 | G69: =F69/B69 -> 0 | H69: =F69+E69 -> 698000.33
A70: XP 24 HORAS FIRF RL | B70: =H61 -> 89856.51 | E70: =C70+B70-D70 -> 89856.51 | G70: =F70/B70 -> 0 | H70: =F70+E70 -> 89856.51
B71: =H62 -> 0 | E71: =C71+B71-D71 -> 0 | G71: =F71/B71 -> #DIV/0! | H71: =F71+E71 -> 0
B72: =H63 -> 0 | E72: =C72+B72-D72 -> 0 | G72: =F72/B72 -> #DIV/0! | H72: =F72+E72 -> 0
A73: TOTAL | B73: =SUM(B67:B72) -> 4156362.5 | F73: =SUM(F67:F72) -> 0 | H73: =SUM(H67:H72) -> 4156362.5
A75: 46266 | B75: SALDO ANTERIOR | C75: ENTRADA | D75: SAÍDA | E75: SUB TOTAL | F75: RENDIMENTO $ | G75: RENDIMENTO % | H75: SALDO EM 30/09/2026
A76: FUNDO DE INVESTIMENTO | B76: =H67 -> 600266.31 | E76: =C76+B76-D76 -> 600266.31 | G76: =F76/B76 -> 0 | H76: =F76+E76 -> 600266.31
A77: RENDA FIXA | B77: =H68 -> 2768239.4 | E77: =C77+B77-D77 -> 2768239.4 | G77: =F77/B77 -> 0 | H77: =F77+E77 -> 2768239.4
A78: COE | B78: =H69 -> 698000.33 | E78: =C78+B78-D78 -> 698000.33 | G78: =F78/B78 -> 0 | H78: =F78+E78 -> 698000.33
A79: XP 24 HORAS FIRF RL | B79: =H70 -> 89856.51 | E79: =C79+B79-D79 -> 89856.51 | G79: =F79/B79 -> 0 | H79: =F79+E79 -> 89856.51
B80: =H71 -> 0 | E80: =C80+B80-D80 -> 0 | G80: =F80/B80 -> #DIV/0! | H80: =F80+E80 -> 0
B81: =H72 -> 0 | E81: =C81+B81-D81 -> 0 | G81: =F81/B81 -> #DIV/0! | H81: =F81+E81 -> 0
A82: TOTAL | B82: =SUM(B76:B81) -> 4156362.5 | F82: =SUM(F76:F81) -> 0 | H82: =SUM(H76:H81) -> 4156362.5
A84: 46296 | B84: SALDO ANTERIOR | C84: ENTRADA | D84: SAÍDA | E84: SUB TOTAL | F84: RENDIMENTO $ | G84: RENDIMENTO % | H84: SALDO EM 30/10/2026
A85: FUNDO DE INVESTIMENTO | B85: =H76 -> 600266.31 | E85: =C85+B85-D85 -> 600266.31 | G85: =F85/B85 -> 0 | H85: =F85+E85 -> 600266.31
A86: RENDA FIXA | B86: =H77 -> 2768239.4 | E86: =C86+B86-D86 -> 2768239.4 | G86: =F86/B86 -> 0 | H86: =F86+E86 -> 2768239.4
A87: COE | B87: =H78 -> 698000.33 | E87: =C87+B87-D87 -> 698000.33 | G87: =F87/B87 -> 0 | H87: =F87+E87 -> 698000.33
A88: XP 24 HORAS FIRF RL | B88: =H79 -> 89856.51 | E88: =C88+B88-D88 -> 89856.51 | G88: =F88/B88 -> 0 | H88: =F88+E88 -> 89856.51
B89: =H80 -> 0 | E89: =C89+B89-D89 -> 0 | G89: =F89/B89 -> #DIV/0! | H89: =F89+E89 -> 0
B90: =H81 -> 0 | E90: =C90+B90-D90 -> 0 | G90: =F90/B90 -> #DIV/0! | H90: =F90+E90 -> 0
A91: TOTAL | B91: =SUM(B85:B90) -> 4156362.5 | F91: =SUM(F85:F90) -> 0 | H91: =SUM(H85:H90) -> 4156362.5
A93: 46327 | B93: SALDO ANTERIOR | C93: ENTRADA | D93: SAÍDA | E93: SUB TOTAL | F93: RENDIMENTO $ | G93: RENDIMENTO % | H93: SALDO EM 30/11/2026
A94: FUNDO DE INVESTIMENTO | B94: =H85 -> 600266.31 | E94: =C94+B94-D94 -> 600266.31 | G94: =F94/B94 -> 0 | H94: =F94+E94 -> 600266.31
A95: RENDA FIXA | B95: =H86 -> 2768239.4 | E95: =C95+B95-D95 -> 2768239.4 | G95: =F95/B95 -> 0 | H95: =F95+E95 -> 2768239.4
A96: COE | B96: =H87 -> 698000.33 | E96: =C96+B96-D96 -> 698000.33 | G96: =F96/B96 -> 0 | H96: =F96+E96 -> 698000.33
A97: XP 24 HORAS FIRF RL | B97: =H88 -> 89856.51 | E97: =C97+B97-D97 -> 89856.51 | G97: =F97/B97 -> 0 | H97: =F97+E97 -> 89856.51
B98: =H89 -> 0 | E98: =C98+B98-D98 -> 0 | G98: =F98/B98 -> #DIV/0! | H98: =F98+E98 -> 0
B99: =H90 -> 0 | E99: =C99+B99-D99 -> 0 | G99: =F99/B99 -> #DIV/0! | H99: =F99+E99 -> 0
A100: TOTAL | B100: =SUM(B94:B99) -> 4156362.5 | F100: =SUM(F94:F99) -> 0 | H100: =SUM(H94:H99) -> 4156362.5
A102: 46357 | B102: SALDO ANTERIOR | C102: ENTRADA | D102: SAÍDA | E102: SUB TOTAL | F102: RENDIMENTO $ | G102: RENDIMENTO % | H102: SALDO EM 30/12/2026
A103: FUNDO DE INVESTIMENTO | B103: =H94 -> 600266.31 | E103: =C103+B103-D103 -> 600266.31 | G103: =F103/B103 -> 0 | H103: =F103+E103 -> 600266.31
A104: RENDA FIXA | B104: =H95 -> 2768239.4 | E104: =C104+B104-D104 -> 2768239.4 | G104: =F104/B104 -> 0 | H104: =F104+E104 -> 2768239.4
A105: COE | B105: =H96 -> 698000.33 | E105: =C105+B105-D105 -> 698000.33 | G105: =F105/B105 -> 0 | H105: =F105+E105 -> 698000.33
A106: XP 24 HORAS FIRF RL | B106: =H97 -> 89856.51 | E106: =C106+B106-D106 -> 89856.51 | G106: =F106/B106 -> 0 | H106: =F106+E106 -> 89856.51
B107: =H98 -> 0 | E107: =C107+B107-D107 -> 0 | G107: =F107/B107 -> #DIV/0! | H107: =F107+E107 -> 0
B108: =H99 -> 0 | E108: =C108+B108-D108 -> 0 | G108: =F108/B108 -> #DIV/0! | H108: =F108+E108 -> 0
A109: TOTAL | B109: =SUM(B103:B108) -> 4156362.5 | F109: =SUM(F103:F108) -> 0 | H109: =SUM(H103:H108) -> 4156362.5

Sheet BANCO ITAÚ RENATA HELIO
A3: 46023 | B3: SALDO ANTERIOR | C3: ENTRADA | D3: SAÍDA | E3: SUB TOTAL | F3: RENDIMENTO $ | G3: RENDIMENTO % | H3: SALDO EM 30/01/2026
A4: Poupança | B4: 1245.19 | E4: =C4+B4-D4 -> 1245.19 | G4: =F4/B4 -> 0 | H4: =F4+E4 -> 1245.19
A5: CDB Plus | B5: 683661.4 | E5: =C5+B5-D5 -> 683661.4 | F5: 7342.48 | G5: =F5/B5 -> 0.010739936 | H5: =F5+E5 -> 691003.88
A6: LCADI | B6: 381903.41 | E6: =C6+B6-D6 -> 381903.41 | F6: 4289.52 | G6: =F6/B6 -> 0.01123195 | H6: =F6+E6 -> 386192.93
A7: PIC | B7: 5943.13 | E7: =C7+B7-D7 -> 5943.13 | G7: =F7/B7 -> 0 | H7: =F7+E7 -> 5943.13
A8: OPEA SECURITIZADORA | B8: 201239.38 | E8: =C8+B8-D8 -> 201239.38 | F8: 2392.54 | G8: =F8/B8 -> 0.011889025 | H8: =F8+E8 -> 203631.92
A9: CDBDI | B9: 248447.51 | D9: 13000 | E9: =C9+B9-D9 -> 235447.51 | F9: 2688.34 | G9: =F9/B9 -> 0.010820555 | H9: =F9+E9 -> 238135.85
A10: LCI PRÉ | B10: 6712280 | D10: 10000 | E10: =C10+B10-D10 -> 6702280 | F10: 70402.37 | G10: =F10/B10 -> 0.010488593 | H10: =F10+E10 -> 6772682.3
A11: CDB HELIO | B11: 624683.41 | E11: =C11+B11-D11 -> 624683.41 | F11: 5904.12 | G11: =F11/B11 -> 0.0094513795 | H11: =F11+E11 -> 630587.53
A12: CDB HOLDING | B12: 84775.19 | E12: =C12+B12-D12 -> 84775.19 | F12: 768.45 | G12: =F12/B12 -> 0.0090645624 | H12: =F12+E12 -> 85543.64
A13: FUNDOS GLOBAL DINAM RFHOLDING | B13: 4632.28 | E13: =C13+B13-D13 -> 4632.28 | F13: 64.66 | G13: =F13/B13 -> 0.013958569 | H13: =F13+E13 -> 4696.94
A14: FUNDOS TRUST DI HOLDING | B14: 306310.11 | D14: 54000 | E14: =C14+B14-D14 -> 252310.11 | F14: 2537.82 | G14: =F14/B14 -> 0.008285133 | H14: =F14+E14 -> 254847.93
A17: TOTAL | B17: =SUM(B4:B14) -> 9255121 | F17: =SUM(F4:F14) -> 96390.3 | H17: =SUM(H4:H14) -> 9274511.3
A19: 46054 | B19: SALDO ANTERIOR | C19: ENTRADA | D19: SAÍDA | E19: SUB TOTAL | F19: RENDIMENTO $ | G19: RENDIMENTO % | H19: SALDO EM 28/02/2026
A20: Poupança | B20: =H4 -> 1245.19 | E20: =C20+B20-D20 -> 1245.19 | F20: 180.36 | G20: =F20/B20 -> 0.14484536 | H20: =F20+E20 -> 1425.55
A21: CDB Plus | B21: =H5 -> 691003.88 | E21: =C21+B21-D21 -> 691003.88 | F21: 6364.54 | G21: =F21/B21 -> 0.0092105706 | H21: =F21+E21 -> 697368.42
A22: LCADI | B22: =H6 -> 386192.93 | E22: =C22+B22-D22 -> 386192.93 | F22: 3715.05 | G22: =F22/B22 -> 0.0096196738 | H22: =F22+E22 -> 389907.98
A23: PIC | B23: =H7 -> 5943.13 | E23: =C23+B23-D23 -> 5943.13 | F23: 503.13 | G23: =F23/B23 -> 0.084657411 | H23: =F23+E23 -> 6446.26
A24: OPEA SECURITIZADORA | B24: =H8 -> 203631.92 | E24: =C24+B24-D24 -> 203631.92 | F24: 1858.25 | G24: =F24/B24 -> 0.009125534 | H24: =F24+E24 -> 205490.17
A25: CDBDI | B25: =H9 -> 238135.85 | D25: 70000 | E25: =C25+B25-D25 -> 168135.85 | F25: 1928.85 | G25: =F25/B25 -> 0.0080997884 | H25: =F25+E25 -> 170064.7
A26: LCI PRÉ | B26: =H10 -> 6772682.3 | E26: =C26+B26-D26 -> 6772682.3 | F26: 54140.95 | G26: =F26/B26 -> 0.0079940188 | H26: =F26+E26 -> 6826823.3
A27: CDB HELIO | B27: =H11 -> 630587.53 | E27: =C27+B27-D27 -> 630587.53 | F27: 7406.04 | G27: =F27/B27 -> 0.011744666 | H27: =F27+E27 -> 637993.57
A28: CDB HOLDING | B28: =H12 -> 85543.64 | D28: =12000.68+26000.65 -> 38001.33 | E28: =C28+B28-D28 -> 47542.31 | F28: 817.25 | G28: =F28/B28 -> 0.0095536033 | H28: =F28+E28 -> 48359.56
A29: FUNDOS GLOBAL DINAM RFHOLDING | B29: =H13 -> 4696.94 | D29: 4714.07 | E29: =C29+B29-D29 -> -17.13 | F29: 17.13 | G29: =F29/B29 -> 0.0036470553 | H29: =F29+E29 -> -1.1013412e-13
A30: FUNDOS TRUST DI HOLDING | B30: =H14 -> 254847.93 | D30: 6500 | E30: =C30+B30-D30 -> 248347.93 | F30: 2776.76 | G30: =F30/B30 -> 0.010895753 | H30: =F30+E30 -> 251124.69
A33: TOTAL | B33: =SUM(B20:B32) -> 9274511.3 | F33: =SUM(F20:F32) -> 79708.31 | H33: =SUM(H20:H32) -> 9235004.2
A35: 46082 | B35: SALDO ANTERIOR | C35: ENTRADA | D35: SAÍDA | E35: SUB TOTAL | F35: RENDIMENTO $ | G35: RENDIMENTO % | H35: SALDO EM 30/03/2026
A36: Poupança | B36: =H20 -> 1425.55 | E36: =C36+B36-D36 -> 1425.55 | G36: =F36/B36 -> 0 | H36: =F36+E36 -> 1425.55
A37: CDB Plus | B37: =H21 -> 697368.42 | E37: =C37+B37-D37 -> 697368.42 | G37: =F37/B37 -> 0 | H37: =F37+E37 -> 697368.42
A38: LCADI | B38: =H22 -> 389907.98 | E38: =C38+B38-D38 -> 389907.98 | G38: =F38/B38 -> 0 | H38: =F38+E38 -> 389907.98
A39: PIC | B39: =H23 -> 6446.26 | E39: =C39+B39-D39 -> 6446.26 | G39: =F39/B39 -> 0 | H39: =F39+E39 -> 6446.26
A40: OPEA SECURITIZADORA | B40: =H24 -> 205490.17 | E40: =C40+B40-D40 -> 205490.17 | G40: =F40/B40 -> 0 | H40: =F40+E40 -> 205490.17
A41: CDBDI | B41: =H25 -> 170064.7 | C41: 1800000 | E41: =C41+B41-D41 -> 1970064.7 | G41: =F41/B41 -> 0 | H41: =F41+E41 -> 1970064.7
A42: LCI PRÉ | B42: =H26 -> 6826823.3 | D42: 1540969.9 | E42: =C42+B42-D42 -> 5285853.4 | G42: =F42/B42 -> 0 | H42: =F42+E42 -> 5285853.4
A43: CDB HELIO | B43: =H27 -> 637993.57 | E43: =C43+B43-D43 -> 637993.57 | G43: =F43/B43 -> 0 | H43: =F43+E43 -> 637993.57
A44: CDB HOLDING | B44: =H28 -> 48359.56 | D44: 26400.65 | E44: =C44+B44-D44 -> 21958.91 | G44: =F44/B44 -> 0 | H44: =F44+E44 -> 21958.91
A45: FUNDOS GLOBAL DINAM RFHOLDING | B45: =H29 -> -1.1013412e-13 | E45: =C45+B45-D45 -> -1.1013412e-13 | G45: =F45/B45 -> 0 | H45: =F45+E45 -> -1.1013412e-13
A46: FUNDOS TRUST DI HOLDING | B46: =H30 -> 251124.69 | E46: =C46+B46-D46 -> 251124.69 | G46: =F46/B46 -> 0 | H46: =F46+E46 -> 251124.69
A49: TOTAL | B49: =SUM(B36:B48) -> 9235004.2 | F49: =SUM(F36:F48) -> 0 | H49: =SUM(H36:H48) -> 9467633.6
A51: 46113 | B51: SALDO ANTERIOR | C51: ENTRADA | D51: SAÍDA | E51: SUB TOTAL | F51: RENDIMENTO $ | G51: RENDIMENTO % | H51: SALDO EM 30/04/2026
A52: Poupança | B52: =H36 -> 1425.55 | E52: =C52+B52-D52 -> 1425.55 | G52: =F52/B52 -> 0 | H52: =F52+E52 -> 1425.55
A53: CDB Plus | B53: =H37 -> 697368.42 | E53: =C53+B53-D53 -> 697368.42 | G53: =F53/B53 -> 0 | H53: =F53+E53 -> 697368.42
A54: LCADI | B54: =H38 -> 389907.98 | E54: =C54+B54-D54 -> 389907.98 | G54: =F54/B54 -> 0 | H54: =F54+E54 -> 389907.98
A55: PIC | B55: =H39 -> 6446.26 | E55: =C55+B55-D55 -> 6446.26 | G55: =F55/B55 -> 0 | H55: =F55+E55 -> 6446.26
A56: OPEA SECURITIZADORA | B56: =H40 -> 205490.17 | E56: =C56+B56-D56 -> 205490.17 | G56: =F56/B56 -> 0 | H56: =F56+E56 -> 205490.17
A57: CDBDI | B57: =H41 -> 1970064.7 | E57: =C57+B57-D57 -> 1970064.7 | G57: =F57/B57 -> 0 | H57: =F57+E57 -> 1970064.7
A58: LCI PRÉ | B58: =H42 -> 5285853.4 | E58: =C58+B58-D58 -> 5285853.4 | G58: =F58/B58 -> 0 | H58: =F58+E58 -> 5285853.4
A59: CDB HELIO | B59: =H43 -> 637993.57 | E59: =C59+B59-D59 -> 637993.57 | G59: =F59/B59 -> 0 | H59: =F59+E59 -> 637993.57
A60: CDB HOLDING | B60: =H44 -> 21958.91 | E60: =C60+B60-D60 -> 21958.91 | G60: =F60/B60 -> 0 | H60: =F60+E60 -> 21958.91
A61: FUNDOS GLOBAL DINAM RFHOLDING | B61: =H45 -> -1.1013412e-13 | E61: =C61+B61-D61 -> -1.1013412e-13 | G61: =F61/B61 -> 0 | H61: =F61+E61 -> -1.1013412e-13
A62: FUNDOS TRUST DI HOLDING | B62: =H46 -> 251124.69 | E62: =C62+B62-D62 -> 251124.69 | G62: =F62/B62 -> 0 | H62: =F62+E62 -> 251124.69
A65: TOTAL | B65: =SUM(B52:B64) -> 9467633.6 | F65: =SUM(F52:F61) -> 0 | H65: =SUM(H52:H64) -> 9467633.6
A67: 46143 | B67: SALDO ANTERIOR | C67: ENTRADA | D67: SAÍDA | E67: SUB TOTAL | F67: RENDIMENTO $ | G67: RENDIMENTO % | H67: SALDO EM 30/05/2026
A68: Poupança | B68: =H52 -> 1425.55 | E68: =C68+B68-D68 -> 1425.55 | G68: =F68/B68 -> 0 | H68: =F68+E68 -> 1425.55
A69: CDB Plus | B69: =H53 -> 697368.42 | E69: =C69+B69-D69 -> 697368.42 | G69: =F69/B69 -> 0 | H69: =F69+E69 -> 697368.42
A70: LCADI | B70: =H54 -> 389907.98 | E70: =C70+B70-D70 -> 389907.98 | G70: =F70/B70 -> 0 | H70: =F70+E70 -> 389907.98
A71: PIC | B71: =H55 -> 6446.26 | E71: =C71+B71-D71 -> 6446.26 | G71: =F71/B71 -> 0 | H71: =F71+E71 -> 6446.26
A72: OPEA SECURITIZADORA | B72: =H56 -> 205490.17 | E72: =C72+B72-D72 -> 205490.17 | G72: =F72/B72 -> 0 | H72: =F72+E72 -> 205490.17
A73: CDBDI | B73: =H57 -> 1970064.7 | E73: =C73+B73-D73 -> 1970064.7 | G73: =F73/B73 -> 0 | H73: =F73+E73 -> 1970064.7
A74: LCI PRÉ | B74: =H58 -> 5285853.4 | E74: =C74+B74-D74 -> 5285853.4 | G74: =F74/B74 -> 0 | H74: =F74+E74 -> 5285853.4
A75: CDB HELIO | B75: =H59 -> 637993.57 | E75: =C75+B75-D75 -> 637993.57 | G75: =F75/B75 -> 0 | H75: =F75+E75 -> 637993.57
A76: CDB HOLDING | B76: =H60 -> 21958.91 | E76: =C76+B76-D76 -> 21958.91 | G76: =F76/B76 -> 0 | H76: =F76+E76 -> 21958.91
A77: FUNDOS GLOBAL DINAM RFHOLDING | B77: =H61 -> -1.1013412e-13 | E77: =C77+B77-D77 -> -1.1013412e-13 | G77: =F77/B77 -> 0 | H77: =F77+E77 -> -1.1013412e-13
A78: FUNDOS TRUST DI HOLDING | B78: =H62 -> 251124.69 | E78: =C78+B78-D78 -> 251124.69 | G78: =F78/B78 -> 0 | H78: =F78+E78 -> 251124.69
A81: TOTAL | B81: =SUM(B68:B78) -> 9467633.6 | F81: =SUM(F68:F78) -> 0 | H81: =SUM(H68:H78) -> 9467633.6
A83: 46174 | B83: SALDO ANTERIOR | C83: ENTRADA | D83: SAÍDA | E83: SUB TOTAL | F83: RENDIMENTO $ | G83: RENDIMENTO % | H83: SALDO EM 30/06/2026
A84: Poupança | B84: =H68 -> 1425.55 | E84: =C84+B84-D84 -> 1425.55 | G84: =F84/B84 -> 0 | H84: =F84+E84 -> 1425.55
A85: CDB Plus | B85: =H69 -> 697368.42 | E85: =C85+B85-D85 -> 697368.42 | G85: =F85/B85 -> 0 | H85: =F85+E85 -> 697368.42
A86: LCADI | B86: =H70 -> 389907.98 | E86: =C86+B86-D86 -> 389907.98 | G86: =F86/B86 -> 0 | H86: =F86+E86 -> 389907.98
A87: PIC | B87: =H71 -> 6446.26 | E87: =C87+B87-D87 -> 6446.26 | G87: =F87/B87 -> 0 | H87: =F87+E87 -> 6446.26
A88: OPEA SECURITIZADORA | B88: =H72 -> 205490.17 | E88: =C88+B88-D88 -> 205490.17 | G88: =F88/B88 -> 0 | H88: =F88+E88 -> 205490.17
A89: CDBDI | B89: =H73 -> 1970064.7 | E89: =C89+B89-D89 -> 1970064.7 | G89: =F89/B89 -> 0 | H89: =F89+E89 -> 1970064.7
A90: LCI PRÉ | B90: =H74 -> 5285853.4 | E90: =C90+B90-D90 -> 5285853.4 | G90: =F90/B90 -> 0 | H90: =F90+E90 -> 5285853.4
A91: CDB HELIO | B91: =H75 -> 637993.57 | E91: =C91+B91-D91 -> 637993.57 | G91: =F91/B91 -> 0 | H91: =F91+E91 -> 637993.57
A92: CDB HOLDING | B92: =H76 -> 21958.91 | E92: =C92+B92-D92 -> 21958.91 | G92: =F92/B92 -> 0 | H92: =F92+E92 -> 21958.91
A93: FUNDOS GLOBAL DINAM RFHOLDING | B93: =H77 -> -1.1013412e-13 | E93: =C93+B93-D93 -> -1.1013412e-13 | G93: =F93/B93 -> 0 | H93: =F93+E93 -> -1.1013412e-13
A94: FUNDOS TRUST DI HOLDING | B94: =H78 -> 251124.69 | E94: =C94+B94-D94 -> 251124.69 | G94: =F94/B94 -> 0 | H94: =F94+E94 -> 251124.69
A97: TOTAL | B97: =SUM(B84:B94) -> 9467633.6 | F97: =SUM(F84:F94) -> 0 | H97: =SUM(H84:H94) -> 9467633.6
A99: 46204 | B99: SALDO ANTERIOR | C99: ENTRADA | D99: SAÍDA | E99: SUB TOTAL | F99: RENDIMENTO $ | G99: RENDIMENTO % | H99: SALDO EM 30/07/2026
A100: Poupança | B100: =H84 -> 1425.55 | E100: =C100+B100-D100 -> 1425.55 | G100: =F100/B100 -> 0 | H100: =F100+E100 -> 1425.55
A101: CDB Plus | B101: =H85 -> 697368.42 | E101: =C101+B101-D101 -> 697368.42 | G101: =F101/B101 -> 0 | H101: =F101+E101 -> 697368.42
A102: LCADI | B102: =H86 -> 389907.98 | E102: =C102+B102-D102 -> 389907.98 | G102: =F102/B102 -> 0 | H102: =F102+E102 -> 389907.98
A103: PIC | B103: =H87 -> 6446.26 | E103: =C103+B103-D103 -> 6446.26 | G103: =F103/B103 -> 0 | H103: =F103+E103 -> 6446.26
A104: OPEA SECURITIZADORA | B104: =H88 -> 205490.17 | E104: =C104+B104-D104 -> 205490.17 | G104: =F104/B104 -> 0 | H104: =F104+E104 -> 205490.17
A105: CDBDI | B105: =H89 -> 1970064.7 | E105: =C105+B105-D105 -> 1970064.7 | G105: =F105/B105 -> 0 | H105: =F105+E105 -> 1970064.7
A106: LCI PRÉ | B106: =H90 -> 5285853.4 | E106: =C106+B106-D106 -> 5285853.4 | G106: =F106/B106 -> 0 | H106: =F106+E106 -> 5285853.4
A107: CDB HELIO | B107: =H91 -> 637993.57 | E107: =C107+B107-D107 -> 637993.57 | G107: =F107/B107 -> 0 | H107: =F107+E107 -> 637993.57
A108: CDB HOLDING | B108: =H92 -> 21958.91 | E108: =C108+B108-D108 -> 21958.91 | G108: =F108/B108 -> 0 | H108: =F108+E108 -> 21958.91
A109: FUNDOS GLOBAL DINAM RFHOLDING | B109: =H93 -> -1.1013412e-13 | E109: =C109+B109-D109 -> -1.1013412e-13 | G109: =F109/B109 -> 0 | H109: =F109+E109 -> -1.1013412e-13
A110: FUNDOS TRUST DI HOLDING | B110: =H94 -> 251124.69 | E110: =C110+B110-D110 -> 251124.69 | G110: =F110/B110 -> 0 | H110: =F110+E110 -> 251124.69
A113: TOTAL | B113: =SUM(B100:B110) -> 9467633.6 | F113: =SUM(F100:F110) -> 0 | H113: =SUM(H100:H110) -> 9467633.6
A115: 46235 | B115: SALDO ANTERIOR | C115: ENTRADA | D115: SAÍDA | E115: SUB TOTAL | F115: RENDIMENTO $ | G115: RENDIMENTO % | H115: SALDO EM 30/08/2026
A116: Poupança | B116: =H100 -> 1425.55 | E116: =C116+B116-D116 -> 1425.55 | G116: =F116/B116 -> 0 | H116: =F116+E116 -> 1425.55
A117: CDB Plus | B117: =H101 -> 697368.42 | E117: =C117+B117-D117 -> 697368.42 | G117: =F117/B117 -> 0 | H117: =F117+E117 -> 697368.42
A118: LCADI | B118: =H102 -> 389907.98 | E118: =C118+B118-D118 -> 389907.98 | G118: =F118/B118 -> 0 | H118: =F118+E118 -> 389907.98
A119: PIC | B119: =H103 -> 6446.26 | E119: =C119+B119-D119 -> 6446.26 | G119: =F119/B119 -> 0 | H119: =F119+E119 -> 6446.26
A120: OPEA SECURITIZADORA | B120: =H104 -> 205490.17 | E120: =C120+B120-D120 -> 205490.17 | G120: =F120/B120 -> 0 | H120: =F120+E120 -> 205490.17
A121: CDBDI | B121: =H105 -> 1970064.7 | E121: =C121+B121-D121 -> 1970064.7 | G121: =F121/B121 -> 0 | H121: =F121+E121 -> 1970064.7
A122: LCI PRÉ | B122: =H106 -> 5285853.4 | E122: =C122+B122-D122 -> 5285853.4 | G122: =F122/B122 -> 0 | H122: =F122+E122 -> 5285853.4
A123: CDB HELIO | B123: =H107 -> 637993.57 | E123: =C123+B123-D123 -> 637993.57 | G123: =F123/B123 -> 0 | H123: =F123+E123 -> 637993.57
...

Sheet SICOOB
A3: 46023 | B3: SALDO ANTERIOR | C3: ENTRADA | D3: SAÍDA | E3: SUB TOTAL | F3: RENDIMENTO $ | G3: RENDIMENTO % | H3: SALDO EM 30/01/2026
A4: HOLDING | B4: 1271754.7 | E4: =C4+B4-D4 -> 1271754.7 | F4: 14154.87 | G4: =F4/B4 -> 0.011130189 | H4: =F4+E4 -> 1285909.6
E5: =C5+B5-D5 -> 0 | G5: =F5/B5 -> #DIV/0! | H5: =F5+E5 -> 0
E6: =C6+B6-D6 -> 0 | G6: =F6/B6 -> #DIV/0! | H6: =F6+E6 -> 0
A7: TOTAL | B7: =SUM(B4:B6) -> 1271754.7 | C7: =SUM(C4:C6) -> 0 | D7: =SUM(D4:D6) -> 0 | E7: =SUM(E4:E6) -> 1271754.7 | F7: =SUM(F4:F6) -> 14154.87 | G7: =SUM(G4:G6) -> #DIV/0! | H7: =SUM(H4:H6) -> 1285909.6
A9: 46054 | B9: SALDO ANTERIOR | C9: ENTRADA | D9: SAÍDA | E9: SUB TOTAL | F9: RENDIMENTO $ | G9: RENDIMENTO % | H9: SALDO EM 28/02/2026
A10: HPLDING | B10: =H4 -> 1285909.6 | E10: =C10+B10-D10 -> 1285909.6 | F10: 15079.56 | G10: =F10/B10 -> 0.011726766 | H10: =F10+E10 -> 1300989.1
B11: =H5 -> 0 | E11: =C11+B11-D11 -> 0 | G11: =F11/B11 -> #DIV/0! | H11: =F11+E11 -> 0
B12: =H6 -> 0 | E12: =C12+B12-D12 -> 0 | G12: =F12/B12 -> #DIV/0! | H12: =F12+E12 -> 0
A13: TOTAL | B13: =SUM(B10:B12) -> 1285909.6 | C13: =SUM(C10:C12) -> 0 | D13: =SUM(D10:D12) -> 0 | E13: =SUM(E10:E12) -> 1285909.6 | F13: =SUM(F10:F12) -> 15079.56 | G13: =SUM(G10:G12) -> #DIV/0! | H13: =SUM(H10:H12) -> 1300989.1
A15: 46082 | B15: SALDO ANTERIOR | C15: ENTRADA | D15: SAÍDA | E15: SUB TOTAL | F15: RENDIMENTO $ | G15: RENDIMENTO % | H15: 03SALDO EM 30/03/2026
A16: HPLDING | B16: =H10 -> 1300989.1 | E16: =C16+B16-D16 -> 1300989.1 | G16: =F16/B16 -> 0 | H16: =F16+E16 -> 1300989.1
B17: =H11 -> 0 | E17: =C17+B17-D17 -> 0 | G17: =F17/B17 -> #DIV/0! | H17: =F17+E17 -> 0
B18: =H12 -> 0 | E18: =C18+B18-D18 -> 0 | G18: =F18/B18 -> #DIV/0! | H18: =F18+E18 -> 0
A19: TOTAL | B19: =SUM(B16:B18) -> 1300989.1 | C19: =SUM(C16:C18) -> 0 | D19: =SUM(D16:D18) -> 0 | E19: =SUM(E16:E18) -> 1300989.1 | F19: =SUM(F16:F18) -> 0 | G19: =SUM(G16:G18) -> #DIV/0! | H19: =SUM(H16:H18) -> 1300989.1
A21: 46113 | B21: SALDO ANTERIOR | C21: ENTRADA | D21: SAÍDA | E21: SUB TOTAL | F21: RENDIMENTO $ | G21: RENDIMENTO % | H21: SALDO EM 30/04/2026
A22: RDC PÓS CDI | B22: =H16 -> 1300989.1 | E22: =C22+B22-D22 -> 1300989.1 | G22: =F22/B22 -> 0 | H22: =F22+E22 -> 1300989.1
B23: =H17 -> 0 | E23: =C23+B23-D23 -> 0 | G23: =F23/B23 -> #DIV/0! | H23: =F23+E23 -> 0
B24: =H18 -> 0 | E24: =C24+B24-D24 -> 0 | G24: =F24/B24 -> #DIV/0! | H24: =F24+E24 -> 0
A25: TOTAL | B25: =SUM(B22:B24) -> 1300989.1 | C25: =SUM(C22:C24) -> 0 | D25: =SUM(D22:D24) -> 0 | E25: =SUM(E22:E24) -> 1300989.1 | F25: =SUM(F22:F24) -> 0 | G25: =SUM(G22:G24) -> #DIV/0! | H25: =SUM(H22:H24) -> 1300989.1
A27: 46143 | B27: SALDO ANTERIOR | C27: ENTRADA | D27: SAÍDA | E27: SUB TOTAL | F27: RENDIMENTO $ | G27: RENDIMENTO % | H27: SALDO EM 30/05/2026
A28: RDC PÓS CDI | B28: =H22 -> 1300989.1 | E28: =C28+B28-D28 -> 1300989.1 | G28: =F28/B28 -> 0 | H28: =F28+E28 -> 1300989.1
B29: =H23 -> 0 | E29: =C29+B29-D29 -> 0 | G29: =F29/B29 -> #DIV/0! | H29: =F29+E29 -> 0
B30: =H24 -> 0 | E30: =C30+B30-D30 -> 0 | G30: =F30/B30 -> #DIV/0! | H30: =F30+E30 -> 0
A31: TOTAL | B31: =SUM(B28:B30) -> 1300989.1 | C31: =SUM(C28:C30) -> 0 | D31: =SUM(D28:D30) -> 0 | E31: =SUM(E28:E30) -> 1300989.1 | F31: =SUM(F28:F30) -> 0 | G31: =SUM(G28:G30) -> #DIV/0! | H31: =SUM(H28:H30) -> 1300989.1
A33: 46174 | B33: SALDO ANTERIOR | C33: ENTRADA | D33: SAÍDA | E33: SUB TOTAL | F33: RENDIMENTO $ | G33: RENDIMENTO % | H33: SALDO EM 30/06/2026
A34: RDC PÓS CDI | B34: =H28 -> 1300989.1 | E34: =C34+B34-D34 -> 1300989.1 | G34: =F34/B34 -> 0 | H34: =F34+E34 -> 1300989.1
B35: =H29 -> 0 | E35: =C35+B35-D35 -> 0 | G35: =F35/B35 -> #DIV/0! | H35: =F35+E35 -> 0
B36: =H30 -> 0 | E36: =C36+B36-D36 -> 0 | G36: =F36/B36 -> #DIV/0! | H36: =F36+E36 -> 0
A37: TOTAL | B37: =SUM(B34:B36) -> 1300989.1 | C37: =SUM(C34:C36) -> 0 | D37: =SUM(D34:D36) -> 0 | E37: =SUM(E34:E36) -> 1300989.1 | F37: =SUM(F34:F36) -> 0 | G37: =SUM(G34:G36) -> #DIV/0! | H37: =SUM(H34:H36) -> 1300989.1
A39: 46204 | B39: SALDO ANTERIOR | C39: ENTRADA | D39: SAÍDA | E39: SUB TOTAL | F39: RENDIMENTO $ | G39: RENDIMENTO % | H39: SALDO EM 30/07/2026
A40: RDC PÓS CDI | B40: =H34 -> 1300989.1 | E40: =C40+B40-D40 -> 1300989.1 | G40: =F40/B40 -> 0 | H40: =F40+E40 -> 1300989.1
A41: HOLDING | B41: =H35 -> 0 | E41: =C41+B41-D41 -> 0 | G41: =F41/B41 -> #DIV/0! | H41: =F41+E41 -> 0
B42: =H36 -> 0 | E42: =C42+B42-D42 -> 0 | G42: =F42/B42 -> #DIV/0! | H42: =F42+E42 -> 0
A43: TOTAL | B43: =SUM(B40:B42) -> 1300989.1 | C43: =SUM(C40:C42) -> 0 | D43: =SUM(D40:D42) -> 0 | E43: =SUM(E40:E42) -> 1300989.1 | F43: =SUM(F40:F42) -> 0 | G43: =SUM(G40:G42) -> #DIV/0! | H43: =SUM(H40:H42) -> 1300989.1
A45: 46235 | B45: SALDO ANTERIOR | C45: ENTRADA | D45: SAÍDA | E45: SUB TOTAL | F45: RENDIMENTO $ | G45: RENDIMENTO % | H45: SALDO EM 30/08/2026
A46: RDC PÓS CDI | B46: =H40 -> 1300989.1 | E46: =C46+B46-D46 -> 1300989.1 | G46: =F46/B46 -> 0 | H46: =F46+E46 -> 1300989.1
A47: HOLDING | B47: =H41 -> 0 | E47: =C47+B47-D47 -> 0 | G47: =F47/B47 -> #DIV/0! | H47: =F47+E47 -> 0
B48: =H42 -> 0 | E48: =C48+B48-D48 -> 0 | G48: =F48/B48 -> #DIV/0! | H48: =F48+E48 -> 0
A49: TOTAL | B49: =SUM(B46:B48) -> 1300989.1 | C49: =SUM(C46:C48) -> 0 | D49: =SUM(D46:D48) -> 0 | E49: =SUM(E46:E48) -> 1300989.1 | F49: =SUM(F46:F48) -> 0 | G49: =SUM(G46:G48) -> #DIV/0! | H49: =SUM(H46:H48) -> 1300989.1
A51: 46266 | B51: SALDO ANTERIOR | C51: ENTRADA | D51: SAÍDA | E51: SUB TOTAL | F51: RENDIMENTO $ | G51: RENDIMENTO % | H51: SALDO EM 30/09/2026
A52: RDC PÓS CDI | B52: =H46 -> 1300989.1 | E52: =C52+B52-D52 -> 1300989.1 | G52: =F52/B52 -> 0 | H52: =F52+E52 -> 1300989.1
A53: HOLDING | B53: =H47 -> 0 | E53: =C53+B53-D53 -> 0 | G53: =F53/B53 -> #DIV/0! | H53: =F53+E53 -> 0
B54: =H48 -> 0 | E54: =C54+B54-D54 -> 0 | G54: =F54/B54 -> #DIV/0! | H54: =F54+E54 -> 0
A55: TOTAL | B55: =SUM(B52:B54) -> 1300989.1 | C55: =SUM(C52:C54) -> 0 | D55: =SUM(D52:D54) -> 0 | E55: =SUM(E52:E54) -> 1300989.1 | F55: =SUM(F52:F54) -> 0 | G55: =SUM(G52:G54) -> #DIV/0! | H55: =SUM(H52:H54) -> 1300989.1
A57: 46296 | B57: SALDO ANTERIOR | C57: ENTRADA | D57: SAÍDA | E57: SUB TOTAL | F57: RENDIMENTO $ | G57: RENDIMENTO % | H57: SALDO EM 30/10/2026
A58: RDC PÓS CDI | B58: =H52 -> 1300989.1 | E58: =C58+B58-D58 -> 1300989.1 | G58: =F58/B58 -> 0 | H58: =F58+E58 -> 1300989.1
A59: HOLDING | B59: =H53 -> 0 | E59: =C59+B59-D59 -> 0 | G59: =F59/B59 -> #DIV/0! | H59: =F59+E59 -> 0
B60: =H54 -> 0 | E60: =C60+B60-D60 -> 0 | G60: =F60/B60 -> #DIV/0! | H60: =F60+E60 -> 0
A61: TOTAL | B61: =SUM(B58:B60) -> 1300989.1 | C61: =SUM(C58:C60) -> 0 | D61: =SUM(D58:D60) -> 0 | E61: =SUM(E58:E60) -> 1300989.1 | F61: =SUM(F58:F60) -> 0 | G61: =SUM(G58:G60) -> #DIV/0! | H61: =SUM(H58:H60) -> 1300989.1
A63: 46327 | B63: SALDO ANTERIOR | C63: ENTRADA | D63: SAÍDA | E63: SUB TOTAL | F63: RENDIMENTO $ | G63: RENDIMENTO % | H63: SALDO EM 30/11/26
A64: RDC PÓS CDI | B64: =H58 -> 1300989.1 | E64: =C64+B64-D64 -> 1300989.1 | G64: =F64/B64 -> 0 | H64: =F64+E64 -> 1300989.1
A65: HOLDING | B65: =H59 -> 0 | E65: =C65+B65-D65 -> 0 | G65: =F65/B65 -> #DIV/0! | H65: =F65+E65 -> 0
B66: =H60 -> 0 | E66: =C66+B66-D66 -> 0 | G66: =F66/B66 -> #DIV/0! | H66: =F66+E66 -> 0
A67: TOTAL | B67: =SUM(B64:B66) -> 1300989.1 | C67: =SUM(C64:C66) -> 0 | D67: =SUM(D64:D66) -> 0 | E67: =SUM(E64:E66) -> 1300989.1 | F67: =SUM(F64:F66) -> 0 | G67: =SUM(G64:G66) -> #DIV/0! | H67: =SUM(H64:H66) -> 1300989.1
A68: 46357 | B68: SALDO ANTERIOR | C68: ENTRADA | D68: SAÍDA | E68: SUB TOTAL | F68: RENDIMENTO $ | G68: RENDIMENTO % | H68: SALDO EM 30/12/26
A69: RDC PÓS CDI | B69: =H64 -> 1300989.1 | E69: =C69+B69-D69 -> 1300989.1 | G69: =F69/B69 -> 0 | H69: =F69+E69 -> 1300989.1
B70: =H64 -> 1300989.1 | E70: =C70+B70-D70 -> 1300989.1 | G70: =F70/B70 -> 0 | H70: =F70+E70 -> 1300989.1
A71: HOLDING | B71: =H65 -> 0 | E71: =C71+B71-D71 -> 0 | G71: =F71/B71 -> #DIV/0! | H71: =F71+E71 -> 0
A72: TOTAL | B72: =SUM(B69:B71) -> 2601978.2 | C72: =SUM(C69:C71) -> 0 | D72: =SUM(D69:D71) -> 0 | E72: =SUM(E69:E71) -> 2601978.2 | F72: =SUM(F69:F71) -> 0 | G72: =SUM(G69:G71) -> #DIV/0! | H72: =SUM(H69:H71) -> 2601978.2

Sheet SAFRA
A3: 46023 | B3: SALDO ANTERIOR | C3: ENTRADA | D3: SAÍDA | E3: SUB TOTAL | F3: RENDIMENTO $ | G3: RENDIMENTO % | H3: 46052
A4: CDI | B4: 1400531.1 | D4: 30255.04 | E4: =C4+B4-D4 -> 1370276.1 | F4: 18987.14 | G4: =IFERROR(F4/B4,0) -> 0.0135571 | H4: =F4+E4 -> 1389263.2
A5: MULTIMERCADO | B5: 117520.94 | E5: =C5+B5-D5 -> 117520.94 | F5: 1488.36 | G5: =IFERROR(F5/B5,0) -> 0.012664637 | H5: =F5+E5 -> 119009.3
E6: =C6+B6-D6 -> 0 | G6: =IFERROR(F6/B6,0) -> 0 | H6: =F6+E6 -> 0
A7: TOTAL | B7: =SUM(B4:B6) -> 1518052 | C7: =SUM(C4:C6) -> 0 | D7: =SUM(D4:D6) -> 30255.04 | E7: =SUM(E4:E6) -> 1487797 | F7: =SUM(F4:F6) -> 20475.5 | G7: =AVERAGE(G4:G5) -> 0.013110868 | H7: =SUM(H4:H6) -> 1508272.5
A9: 46054 | B9: SALDO ANTERIOR | C9: ENTRADA | D9: SAÍDA | E9: SUB TOTAL | F9: RENDIMENTO $ | G9: RENDIMENTO % | H9: 46081
A10: CDI | B10: =H4 -> 1389263.2 | D10: =20000+132000+12000 -> 164000 | E10: =C10+B10-D10 -> 1225263.2 | F10: 10488.27 | G10: =IFERROR(F10/B10,0) -> 0.0075495198 | H10: =F10+E10 -> 1235751.5
A11: MULTIMERCADO | B11: =H5 -> 119009.3 | E11: =C11+B11-D11 -> 119009.3 | F11: 1437.2 | G11: =IFERROR(F11/B11,0) -> 0.012076367 | H11: =F11+E11 -> 120446.5
B12: =H6 -> 0 | E12: =C12+B12-D12 -> 0 | G12: =IFERROR(F12/B12,0) -> 0 | H12: =F12+E12 -> 0
A13: TOTAL | B13: =SUM(B10:B12) -> 1508272.5 | C13: =SUM(C10:C12) -> 0 | D13: =SUM(D10:D12) -> 164000 | E13: =SUM(E10:E12) -> 1344272.5 | F13: =SUM(F10:F12) -> 11925.47 | G13: =AVERAGE(G10:G11) -> 0.0098129435 | H13: =SUM(H10:H12) -> 1356198
A15: 46082 | B15: SALDO ANTERIOR | C15: ENTRADA | D15: SAÍDA | E15: SUB TOTAL | F15: RENDIMENTO $ | G15: RENDIMENTO % | H15: 46111
A16: CDI | B16: =H10 -> 1235751.5 | D16: 341236.02 | E16: =C16+B16-D16 -> 894515.45 | G16: =IFERROR(F16/B16,0) -> 0 | H16: =F16+E16 -> 894515.45
A17: MULTIMERCADO | B17: =H11 -> 120446.5 | D17: 59139.72 | E17: =C17+B17-D17 -> 61306.78 | G17: =IFERROR(F17/B17,0) -> 0 | H17: =F17+E17 -> 61306.78
B18: =H12 -> 0 | E18: =C18+B18-D18 -> 0 | G18: =IFERROR(F18/B18,0) -> 0 | H18: =F18+E18 -> 0
A19: TOTAL | B19: =SUM(B16:B18) -> 1356198 | C19: =SUM(C16:C18) -> 0 | D19: =SUM(D16:D18) -> 400375.74 | E19: =SUM(E16:E18) -> 955822.23 | F19: =SUM(F16:F18) -> 0 | G19: =SUM(G16:G18) -> 0 | H19: =SUM(H16:H18) -> 955822.23
A21: 46113 | B21: SALDO ANTERIOR | C21: ENTRADA | D21: SAÍDA | E21: SUB TOTAL | F21: RENDIMENTO $ | G21: RENDIMENTO % | H21: 46142
A22: CDI | B22: =H16 -> 894515.45 | E22: =C22+B22-D22 -> 894515.45 | G22: =IFERROR(F22/B22,0) -> 0 | H22: =F22+E22 -> 894515.45
A23: MULTIMERCADO | B23: =H17 -> 61306.78 | E23: =C23+B23-D23 -> 61306.78 | G23: =IFERROR(F23/B23,0) -> 0 | H23: =F23+E23 -> 61306.78
B24: =H18 -> 0 | E24: =C24+B24-D24 -> 0 | G24: =IFERROR(F24/B24,0) -> 0 | H24: =F24+E24 -> 0
A25: TOTAL | B25: =SUM(B22:B24) -> 955822.23 | C25: =SUM(C22:C24) -> 0 | D25: =SUM(D22:D24) -> 0 | E25: =SUM(E22:E24) -> 955822.23 | F25: =SUM(F22:F24) -> 0 | G25: =SUM(G22:G24) -> 0 | H25: =SUM(H22:H24) -> 955822.23
A27: 46143 | B27: SALDO ANTERIOR | C27: ENTRADA | D27: SAÍDA | E27: SUB TOTAL | F27: RENDIMENTO $ | G27: RENDIMENTO % | H27: 46172
A28: RENDA FIXA | B28: =H22 -> 894515.45 | E28: =C28+B28-D28 -> 894515.45 | G28: =IFERROR(F28/B28,0) -> 0 | H28: =F28+E28 -> 894515.45
A29: MULTIMERCADO | B29: =H23 -> 61306.78 | E29: =C29+B29-D29 -> 61306.78 | G29: =IFERROR(F29/B29,0) -> 0 | H29: =F29+E29 -> 61306.78
B30: =H24 -> 0 | E30: =C30+B30-D30 -> 0 | G30: =IFERROR(F30/B30,0) -> 0 | H30: =F30+E30 -> 0
A31: TOTAL | B31: =SUM(B28:B30) -> 955822.23 | C31: =SUM(C28:C30) -> 0 | D31: =SUM(D28:D30) -> 0 | E31: =SUM(E28:E30) -> 955822.23 | F31: =SUM(F28:F30) -> 0 | G31: =SUM(G28:G30) -> 0 | H31: =SUM(H28:H30) -> 955822.23
A33: 46174 | B33: SALDO ANTERIOR | C33: ENTRADA | D33: SAÍDA | E33: SUB TOTAL | F33: RENDIMENTO $ | G33: RENDIMENTO % | H33: 46203
A34: CDI | B34: =H28 -> 894515.45 | E34: =C34+B34-D34 -> 894515.45 | G34: =IFERROR(F34/B34,0) -> 0 | H34: =F34+E34 -> 894515.45
A35: MULTIMERCADO | B35: =H29 -> 61306.78 | E35: =C35+B35-D35 -> 61306.78 | G35: =IFERROR(F35/B35,0) -> 0 | H35: =F35+E35 -> 61306.78
B36: =H30 -> 0 | E36: =C36+B36-D36 -> 0 | G36: =IFERROR(F36/B36,0) -> 0 | H36: =F36+E36 -> 0
A37: TOTAL | B37: =SUM(B34:B36) -> 955822.23 | C37: =SUM(C34:C36) -> 0 | D37: =SUM(D34:D36) -> 0 | E37: =SUM(E34:E36) -> 955822.23 | F37: =SUM(F34:F36) -> 0 | G37: =SUM(G34:G36) -> 0 | H37: =SUM(H34:H36) -> 955822.23
A39: 46204 | B39: SALDO ANTERIOR | C39: ENTRADA | D39: SAÍDA | E39: SUB TOTAL | F39: RENDIMENTO $ | G39: RENDIMENTO % | H39: 46233
A40: CDI | B40: =H34 -> 894515.45 | E40: =C40+B40-D40 -> 894515.45 | G40: =IFERROR(F40/B40,0) -> 0 | H40: =F40+E40 -> 894515.45
A41: MULTIMERCADO | B41: =H35 -> 61306.78 | E41: =C41+B41-D41 -> 61306.78 | G41: =IFERROR(F41/B41,0) -> 0 | H41: =F41+E41 -> 61306.78
B42: =H36 -> 0 | E42: =C42+B42-D42 -> 0 | G42: =IFERROR(F42/B42,0) -> 0 | H42: =F42+E42 -> 0
A43: TOTAL | B43: =SUM(B40:B42) -> 955822.23 | C43: =SUM(C40:C42) -> 0 | D43: =SUM(D40:D42) -> 0 | E43: =SUM(E40:E42) -> 955822.23 | F43: =SUM(F40:F42) -> 0 | G43: =SUM(G40:G42) -> 0 | H43: =SUM(H40:H42) -> 955822.23
A45: 46235 | B45: SALDO ANTERIOR | C45: ENTRADA | D45: SAÍDA | E45: SUB TOTAL | F45: RENDIMENTO $ | G45: RENDIMENTO % | H45: 46264
A46: CDI | B46: =H40 -> 894515.45 | E46: =C46+B46-D46 -> 894515.45 | G46: =IFERROR(F46/B46,0) -> 0 | H46: =F46+E46 -> 894515.45
A47: MULTIMERCADO | B47: =H41 -> 61306.78 | E47: =C47+B47-D47 -> 61306.78 | G47: =IFERROR(F47/B47,0) -> 0 | H47: =F47+E47 -> 61306.78
B48: =H42 -> 0 | E48: =C48+B48-D48 -> 0 | G48: =IFERROR(F48/B48,0) -> 0 | H48: =F48+E48 -> 0
A49: TOTAL | B49: =SUM(B46:B48) -> 955822.23 | C49: =SUM(C46:C48) -> 0 | D49: =SUM(D46:D48) -> 0 | E49: =SUM(E46:E48) -> 955822.23 | F49: =SUM(F46:F48) -> 0 | G49: =SUM(G46:G48) -> 0 | H49: =SUM(H46:H48) -> 955822.23
A51: 46266 | B51: SALDO ANTERIOR | C51: ENTRADA | D51: SAÍDA | E51: SUB TOTAL | F51: RENDIMENTO $ | G51: RENDIMENTO % | H51: 46295
A52: CDI | B52: =H46 -> 894515.45 | E52: =C52+B52-D52 -> 894515.45 | G52: =IFERROR(F52/B52,0) -> 0 | H52: =F52+E52 -> 894515.45
A53: MULTIMERCADO | B53: =H47 -> 61306.78 | E53: =C53+B53-D53 -> 61306.78 | G53: =IFERROR(F53/B53,0) -> 0 | H53: =F53+E53 -> 61306.78
B54: =H48 -> 0 | E54: =C54+B54-D54 -> 0 | G54: =IFERROR(F54/B54,0) -> 0 | H54: =F54+E54 -> 0
A55: TOTAL | B55: =SUM(B52:B54) -> 955822.23 | C55: =SUM(C52:C54) -> 0 | D55: =SUM(D52:D54) -> 0 | E55: =SUM(E52:E54) -> 955822.23 | F55: =SUM(F52:F54) -> 0 | G55: =SUM(G52:G54) -> 0 | H55: =SUM(H52:H54) -> 955822.23
A57: 46296 | B57: SALDO ANTERIOR | C57: ENTRADA | D57: SAÍDA | E57: SUB TOTAL | F57: RENDIMENTO $ | G57: RENDIMENTO % | H57: 46325
A58: CDI | B58: =H52 -> 894515.45 | E58: =C58+B58-D58 -> 894515.45 | G58: =IFERROR(F58/B58,0) -> 0 | H58: =F58+E58 -> 894515.45
A59: MULTIMERCADO | B59: =H53 -> 61306.78 | E59: =C59+B59-D59 -> 61306.78 | G59: =IFERROR(F59/B59,0) -> 0 | H59: =F59+E59 -> 61306.78
B60: =H54 -> 0 | E60: =C60+B60-D60 -> 0 | G60: =IFERROR(F60/B60,0) -> 0 | H60: =F60+E60 -> 0
A61: TOTAL | B61: =SUM(B58:B60) -> 955822.23 | C61: =SUM(C58:C60) -> 0 | D61: =SUM(D58:D60) -> 0 | E61: =SUM(E58:E60) -> 955822.23 | F61: =SUM(F58:F60) -> 0 | G61: =SUM(G58:G60) -> 0 | H61: =SUM(H58:H60) -> 955822.23
A63: 46327 | B63: SALDO ANTERIOR | C63: ENTRADA | D63: SAÍDA | E63: SUB TOTAL | F63: RENDIMENTO $ | G63: RENDIMENTO % | H63: 46356
A64: CDI | B64: =H58 -> 894515.45 | E64: =C64+B64-D64 -> 894515.45 | G64: =IFERROR(F64/B64,0) -> 0 | H64: =F64+E64 -> 894515.45
A65: MULTIMERCADO | B65: =H59 -> 61306.78 | E65: =C65+B65-D65 -> 61306.78 | G65: =IFERROR(F65/B65,0) -> 0 | H65: =F65+E65 -> 61306.78
B66: =H60 -> 0 | E66: =C66+B66-D66 -> 0 | G66: =IFERROR(F66/B66,0) -> 0 | H66: =F66+E66 -> 0
A67: TOTAL | B67: =SUM(B64:B66) -> 955822.23 | C67: =SUM(C64:C66) -> 0 | D67: =SUM(D64:D66) -> 0 | E67: =SUM(E64:E66) -> 955822.23 | F67: =SUM(F64:F66) -> 0 | G67: =SUM(G64:G66) -> 0 | H67: =SUM(H64:H66) -> 955822.23
A69: 46357 | B69: SALDO ANTERIOR | C69: ENTRADA | D69: SAÍDA | E69: SUB TOTAL | F69: RENDIMENTO $ | G69: RENDIMENTO % | H69: 46386
A70: CDI | B70: =H64 -> 894515.45 | E70: =C70+B70-D70 -> 894515.45 | G70: =IFERROR(F70/B70,0) -> 0 | H70: =F70+E70 -> 894515.45
A71: MULTIMERCADO | B71: =H65 -> 61306.78 | E71: =C71+B71-D71 -> 61306.78 | G71: =IFERROR(F71/B71,0) -> 0 | H71: =F71+E71 -> 61306.78
B72: =H66 -> 0 | E72: =C72+B72-D72 -> 0 | G72: =IFERROR(F72/B72,0) -> 0 | H72: =F72+E72 -> 0
A73: TOTAL | B73: =SUM(B70:B72) -> 955822.23 | C73: =SUM(C70:C72) -> 0 | D73: =SUM(D70:D72) -> 0 | E73: =SUM(E70:E72) -> 955822.23 | F73: =SUM(F70:F72) -> 0 | G73: =SUM(G70:G72) -> 0 | H73: =SUM(H70:H72) -> 955822.23

Sheet SANTANDER
A4: 46023 | B4: SALDO ANTERIOR | C4: ENTRADA | D4: SAÍDA | E4: SUB TOTAL | F4: RENDIMENTO $ | G4: RENDIMENTO % | H4: SALDO EM 30/01/26
A5: FUNDOS | B5: 2728580.6 | D5: 60000 | E5: =B5+C5-D5 -> 2668580.6 | F5: 76766.05 | G5: =IFERROR(F5/B5,0) -> 0.02813406 | H5: =F5+E5 -> 2745346.6
A6: CRÉDITO PRIVADO | B6: 264083.98 | E6: =B6+C6-D6 -> 264083.98 | F6: 2566.7 | G6: =IFERROR(F6/B6,0) -> 0.0097192567 | H6: =F6+E6 -> 266650.68
A7: TÍTULOS PÚBLICOS | B7: 446881.84 | E7: =B7+C7-D7 -> 446881.84 | F7: 2964.81 | G7: =IFERROR(F7/B7,0) -> 0.0066344383 | H7: =F7+E7 -> 449846.65
A8: PREVIDENCIA | B8: 934267.54 | E8: =B8+C8-D8 -> 934267.54 | F8: 5869.37 | G8: =IFERROR(F8/B8,0) -> 0.0062823225 | H8: =F8+E8 -> 940136.91
A9: LCADI | B9: 354270.06 | E9: =B9+C9-D9 -> 354270.06 | F9: 3792.64 | G9: =IFERROR(F9/B9,0) -> 0.010705505 | H9: =F9+E9 -> 358062.7
A10: HELIO | B10: 22606.48 | E10: =B10+C10-D10 -> 22606.48 | F10: 205.59 | G10: =IFERROR(F10/B10,0) -> 0.0090942951 | H10: =F10+E10 -> 22812.07
G11: =IFERROR(F11/B11,0) -> 0 | H11: =F11+E11 -> 0
A12: TOTAL | B12: =SUM(B5:B11) -> 4750690.5 | C12: =SUM(C5:C11) -> 0 | D12: =SUM(D5:D11) -> 60000 | E12: =SUM(E5:E11) -> 4690690.5 | F12: =SUM(F5:F11) -> 92165.16 | G12: =SUM(G5:G11) -> 0.070569878 | H12: =SUM(H5:H11) -> 4782855.6
A14: 46054 | B14: SALDO ANTERIOR | C14: ENTRADA | D14: SAÍDA | E14: SUB TOTAL | F14: RENDIMENTO $ | G14: RENDIMENTO % | H14: SALDO EM 28/02/26
A15: FUNDOS | B15: =H5 -> 2745346.6 | E15: =B15+C15-D15 -> 2745346.6 | F15: 577.19 | G15: =IFERROR(F15/B15,0) -> 0.00021024303 | H15: =F15+E15 -> 2745923.8
A16: CRÉDITO PRIVADO | B16: =H6 -> 266650.68 | E16: =B16+C16-D16 -> 266650.68 | F16: 2525.73 | G16: =IFERROR(F16/B16,0) -> 0.0094720553 | H16: =F16+E16 -> 269176.41
A17: TÍTULOS PÚBLICOS | B17: =H7 -> 449846.65 | D17: 10658.87 | E17: =B17+C17-D17 -> 439187.78 | F17: 3130.2 | G17: =IFERROR(F17/B17,0) -> 0.0069583713 | H17: =F17+E17 -> 442317.98
A18: PREVIDENCIA | B18: =H8 -> 940136.91 | E18: =B18+C18-D18 -> 940136.91 | F18: 4975.06 | G18: =IFERROR(F18/B18,0) -> 0.0052918463 | H18: =F18+E18 -> 945111.97
A19: LCADI | B19: =H9 -> 358062.7 | E19: =B19+C19-D19 -> 358062.7 | F19: 3283.14 | G19: =IFERROR(F19/AM58,0) -> 0 | H19: =F19+E19 -> 361345.84
A20: HELIO | B20: =H10 -> 22812.07 | E20: =B20+C20-D20 -> 22812.07 | F20: 572.83 | G20: =IFERROR(F20/B20,0) -> 0.025110829 | H20: =F20+E20 -> 23384.9
B21: =H11 -> 0 | G21: =IFERROR(F21/B21,0) -> 0 | H21: =F21+E21 -> 0
A22: TOTAL | B22: =SUM(B15:B21) -> 4782855.6 | C22: =SUM(C15:C21) -> 0 | D22: =SUM(D15:D21) -> 10658.87 | E22: =SUM(E15:E21) -> 4772196.8 | F22: =SUM(F15:F21) -> 15064.15 | G22: =SUM(G15:G21) -> 0.047043345 | H22: =SUM(H15:H21) -> 4787260.9
A24: 46082 | B24: SALDO ANTERIOR | C24: ENTRADA | D24: SAÍDA | E24: SUB TOTAL | F24: RENDIMENTO $ | G24: RENDIMENTO % | H24: SALDO EM 30/03/26
A25: FUNDOS | B25: =H15 -> 2745923.8 | E25: =B25+C25-D25 -> 2745923.8 | G25: =IFERROR(F25/B25,0) -> 0 | H25: =F25+E25 -> 2745923.8
A26: CRÉDITO PRIVADO | B26: =H16 -> 269176.41 | E26: =B26+C26-D26 -> 269176.41 | G26: =IFERROR(F26/B26,0) -> 0 | H26: =F26+E26 -> 269176.41
A27: TÍTULOS PÚBLICOS | B27: =H17 -> 442317.98 | E27: =B27+C27-D27 -> 442317.98 | G27: =IFERROR(F27/B27,0) -> 0 | H27: =F27+E27 -> 442317.98
A28: PREVIDENCIA | B28: =H18 -> 945111.97 | E28: =B28+C28-D28 -> 945111.97 | G28: =IFERROR(F28/B28,0) -> 0 | H28: =F28+E28 -> 945111.97
A29: LCADI | B29: =H19 -> 361345.84 | E29: =B29+C29-D29 -> 361345.84 | G29: =IFERROR(F29/B29,0) -> 0 | H29: =F29+E29 -> 361345.84
A30: HELIO | B30: =H20 -> 23384.9 | E30: =B30+C30-D30 -> 23384.9 | G30: =IFERROR(F30/B30,0) -> 0 | H30: =F30+E30 -> 23384.9
B31: =H21 -> 0 | G31: =IFERROR(F31/B31,0) -> 0 | H31: =F31+E31 -> 0
A32: TOTAL | B32: =SUM(B25:B31) -> 4787260.9 | C32: =SUM(C26:C31) -> 0 | D32: =SUM(D26:D31) -> 0 | E32: =SUM(E25:E31) -> 4787260.9 | F32: =SUM(F26:F31) -> 0 | G32: =SUM(G26:G31) -> 0 | H32: =SUM(H25:H31) -> 4787260.9
A34: 46113 | B34: SALDO ANTERIOR | C34: ENTRADA | D34: SAÍDA | E34: SUB TOTAL | F34: RENDIMENTO $ | G34: RENDIMENTO % | H34: SALDO EM 28/04/26
A35: FUNDOS | B35: =H25 -> 2745923.8 | E35: =B35+C35-D35 -> 2745923.8 | G35: =IFERROR(F35/B35,0) -> 0 | H35: =F35+E35 -> 2745923.8
A36: CRÉDITO PRIVADO | B36: =H26 -> 269176.41 | E36: =B36+C36-D36 -> 269176.41 | G36: =IFERROR(F36/B36,0) -> 0 | H36: =F36+E36 -> 269176.41
A37: TÍTULOS PÚBLICOS | B37: =H27 -> 442317.98 | E37: =B37+C37-D37 -> 442317.98 | G37: =IFERROR(F37/B37,0) -> 0 | H37: =F37+E37 -> 442317.98
A38: PREVIDENCIA | B38: =H28 -> 945111.97 | E38: =B38+C38-D38 -> 945111.97 | G38: =IFERROR(F38/B38,0) -> 0 | H38: =F38+E38 -> 945111.97
A39: LCADI | B39: =H29 -> 361345.84 | E39: =B39+C39-D39 -> 361345.84 | G39: =IFERROR(F39/B39,0) -> 0 | H39: =F39+E39 -> 361345.84
A40: HELIO | B40: =H30 -> 23384.9 | E40: =B40+C40-D40 -> 23384.9 | G40: =IFERROR(F40/B40,0) -> 0 | H40: =F40+E40 -> 23384.9
B41: =H31 -> 0 | G41: =IFERROR(F41/B41,0) -> 0 | H41: =F41+E41 -> 0
A42: TOTAL | B42: =SUM(B35:B41) -> 4787260.9 | C42: =SUM(C35:C41) -> 0 | D42: =SUM(D35:D41) -> 0 | E42: =SUM(E35:E41) -> 4787260.9 | F42: =SUM(F35:F41) -> 0 | G42: =SUM(G35:G41) -> 0 | H42: =SUM(H35:H41) -> 4787260.9
A44: 46143 | B44: SALDO ANTERIOR | C44: ENTRADA | D44: SAÍDA | E44: SUB TOTAL | F44: RENDIMENTO $ | G44: RENDIMENTO % | H44: SALDO EM 30/05/26
A45: FUNDOS | B45: =H35 -> 2745923.8 | E45: =B45+C45-D45 -> 2745923.8 | G45: =IFERROR(F45/B45,0) -> 0 | H45: =F45+E45 -> 2745923.8
A46: CRÉDITO PRIVADO | B46: =H36 -> 269176.41 | E46: =B46+C46-D46 -> 269176.41 | G46: =IFERROR(F46/B46,0) -> 0 | H46: =F46+E46 -> 269176.41
A47: TÍTULOS PÚBLICOS | B47: =H37 -> 442317.98 | E47: =B47+C47-D47 -> 442317.98 | G47: =IFERROR(F47/B47,0) -> 0 | H47: =F47+E47 -> 442317.98
A48: PREVIDENCIA | B48: =H38 -> 945111.97 | E48: =B48+C48-D48 -> 945111.97 | G48: =IFERROR(F48/B48,0) -> 0 | H48: =F48+E48 -> 945111.97
A49: LCADI | B49: =H39 -> 361345.84 | E49: =B49+C49-D49 -> 361345.84 | G49: =IFERROR(F49/B49,0) -> 0 | H49: =F49+E49 -> 361345.84
A50: HELIO | B50: =H40 -> 23384.9 | E50: =B50+C50-D50 -> 23384.9 | G50: =IFERROR(F50/B50,0) -> 0 | H50: =F50+E50 -> 23384.9
B51: =H41 -> 0 | G51: =IFERROR(F51/B51,0) -> 0 | H51: =F51+E51 -> 0
A52: TOTAL | B52: =SUM(B45:B51) -> 4787260.9 | C52: =SUM(C45:C51) -> 0 | D52: =SUM(D45:D51) -> 0 | E52: =SUM(E45:E51) -> 4787260.9 | F52: =SUM(F45:F51) -> 0 | G52: =SUM(G45:G51) -> 0 | H52: =SUM(H45:H51) -> 4787260.9
A54: 46174 | B54: SALDO ANTERIOR | C54: ENTRADA | D54: SAÍDA | E54: SUB TOTAL | F54: RENDIMENTO $ | G54: RENDIMENTO % | H54: SALDO EM 30/06/26
A55: FUNDOS | B55: =H45 -> 2745923.8 | E55: =B55+C55-D55 -> 2745923.8 | G55: =IFERROR(F55/B55,0) -> 0 | H55: =F55+E55 -> 2745923.8
A56: CRÉDITO PRIVADO | B56: =H46 -> 269176.41 | E56: =B56+C56-D56 -> 269176.41 | G56: =IFERROR(F56/B56,0) -> 0 | H56: =F56+E56 -> 269176.41
A57: TÍTULOS PÚBLICOS | B57: =H47 -> 442317.98 | E57: =B57+C57-D57 -> 442317.98 | G57: =IFERROR(F57/B57,0) -> 0 | H57: =F57+E57 -> 442317.98
A58: PREVIDENCIA | B58: =H48 -> 945111.97 | E58: =B58+C58-D58 -> 945111.97 | G58: =IFERROR(F58/B58,0) -> 0 | H58: =F58+E58 -> 945111.97
A59: LCADI | B59: =H49 -> 361345.84 | E59: =B59+C59-D59 -> 361345.84 | G59: =IFERROR(F59/B59,0) -> 0 | H59: =F59+E59 -> 361345.84
A60: HELIO | B60: =H50 -> 23384.9 | E60: =B60+C60-D60 -> 23384.9 | G60: =IFERROR(F60/B60,0) -> 0 | H60: =F60+E60 -> 23384.9
B61: =H51 -> 0 | G61: =IFERROR(F61/B61,0) -> 0 | H61: =F61+E61 -> 0
A62: TOTAL | B62: =SUM(B55:B61) -> 4787260.9 | C62: =SUM(C55:C61) -> 0 | D62: =SUM(D55:D61) -> 0 | E62: =SUM(E55:E61) -> 4787260.9 | F62: =SUM(F55:F61) -> 0 | G62: =SUM(G55:G61) -> 0 | H62: =SUM(H55:H61) -> 4787260.9
A64: 46204 | B64: SALDO ANTERIOR | C64: ENTRADA | D64: SAÍDA | E64: SUB TOTAL | F64: RENDIMENTO $ | G64: RENDIMENTO % | H64: SALDO EM 30/07/26
A65: FUNDOS | B65: =H55 -> 2745923.8 | E65: =B65+C65-D65 -> 2745923.8 | G65: =IFERROR(F65/B65,0) -> 0 | H65: =F65+E65 -> 2745923.8
A66: CRÉDITO PRIVADO | B66: =H56 -> 269176.41 | E66: =B66+C66-D66 -> 269176.41 | G66: =IFERROR(F66/B66,0) -> 0 | H66: =F66+E66 -> 269176.41
A67: TÍTULOS PÚBLICOS | B67: =H57 -> 442317.98 | E67: =B67+C67-D67 -> 442317.98 | G67: =IFERROR(F67/B67,0) -> 0 | H67: =F67+E67 -> 442317.98
A68: PREVIDENCIA | B68: =H58 -> 945111.97 | E68: =B68+C68-D68 -> 945111.97 | G68: =IFERROR(F68/B68,0) -> 0 | H68: =F68+E68 -> 945111.97
A69: LCADI | B69: =H59 -> 361345.84 | E69: =B69+C69-D69 -> 361345.84 | G69: =IFERROR(F69/B69,0) -> 0 | H69: =F69+E69 -> 361345.84
A70: HELIO | B70: =H60 -> 23384.9 | E70: =B70+C70-D70 -> 23384.9 | G70: =IFERROR(F70/B70,0) -> 0 | H70: =F70+E70 -> 23384.9
B71: =H61 -> 0 | G71: =IFERROR(F71/B71,0) -> 0 | H71: =F71+E71 -> 0
A72: TOTAL | B72: =SUM(B65:B71) -> 4787260.9 | C72: =SUM(C65:C71) -> 0 | D72: =SUM(D65:D71) -> 0 | E72: =SUM(E65:E71) -> 4787260.9 | F72: =SUM(F65:F71) -> 0 | G72: =SUM(G65:G71) -> 0 | H72: =SUM(H65:H71) -> 4787260.9
A74: 46235 | B74: SALDO ANTERIOR | C74: ENTRADA | D74: SAÍDA | E74: SUB TOTAL | F74: RENDIMENTO $ | G74: RENDIMENTO % | H74: SALDO EM 30/08/26
A75: FUNDOS | B75: =H65 -> 2745923.8 | E75: =B75+C75-D75 -> 2745923.8 | G75: =IFERROR(F75/B75,0) -> 0 | H75: =F75+E75 -> 2745923.8
A76: CRÉDITO PRIVADO | B76: =H66 -> 269176.41 | E76: =B76+C76-D76 -> 269176.41 | G76: =IFERROR(F76/B76,0) -> 0 | H76: =F76+E76 -> 269176.41
A77: TÍTULOS PÚBLICOS | B77: =H67 -> 442317.98 | E77: =B77+C77-D77 -> 442317.98 | G77: =IFERROR(F77/B77,0) -> 0 | H77: =F77+E77 -> 442317.98
A78: PREVIDENCIA | B78: =H68 -> 945111.97 | E78: =B78+C78-D78 -> 945111.97 | G78: =IFERROR(F78/B78,0) -> 0 | H78: =F78+E78 -> 945111.97
A79: LCADI | B79: =H69 -> 361345.84 | E79: =B79+C79-D79 -> 361345.84 | G79: =IFERROR(F79/B79,0) -> 0 | H79: =F79+E79 -> 361345.84
A80: HELIO | B80: =H70 -> 23384.9 | E80: =B80+C80-D80 -> 23384.9 | G80: =IFERROR(F80/B80,0) -> 0 | H80: =F80+E80 -> 23384.9
B81: =H71 -> 0 | G81: =IFERROR(F81/B81,0) -> 0 | H81: =F81+E81 -> 0
A82: TOTAL | B82: =SUM(B75:B81) -> 4787260.9 | C82: =SUM(C75:C81) -> 0 | D82: =SUM(D75:D81) -> 0 | E82: =SUM(E75:E81) -> 4787260.9 | F82: =SUM(F75:F81) -> 0 | G82: =SUM(G75:G81) -> 0 | H82: =SUM(H75:H81) -> 4787260.9
A84: 46266 | B84: SALDO ANTERIOR | C84: ENTRADA | D84: SAÍDA | E84: SUB TOTAL | F84: RENDIMENTO $ | G84: RENDIMENTO % | H84: SALDO EM 30/09/26
A85: FUNDOS | B85: =H75 -> 2745923.8 | E85: =B85+C85-D85 -> 2745923.8 | G85: =IFERROR(F85/B85,0) -> 0 | H85: =F85+E85 -> 2745923.8
A86: CRÉDITO PRIVADO | B86: =H76 -> 269176.41 | E86: =B86+C86-D86 -> 269176.41 | G86: =IFERROR(F86/B86,0) -> 0 | H86: =F86+E86 -> 269176.41
A87: TÍTULOS PÚBLICOS | B87: =H77 -> 442317.98 | E87: =B87+C87-D87 -> 442317.98 | G87: =IFERROR(F87/B87,0) -> 0 | H87: =F87+E87 -> 442317.98
A88: PREVIDENCIA | B88: =H78 -> 945111.97 | E88: =B88+C88-D88 -> 945111.97 | G88: =IFERROR(F88/B88,0) -> 0 | H88: =F88+E88 -> 945111.97
A89: LCADI | B89: =H79 -> 361345.84 | E89: =B89+C89-D89 -> 361345.84 | G89: =IFERROR(F89/B89,0) -> 0 | H89: =F89+E89 -> 361345.84
A90: HELIO | B90: =H80 -> 23384.9 | E90: =B90+C90-D90 -> 23384.9 | G90: =IFERROR(F90/B90,0) -> 0 | H90: =F90+E90 -> 23384.9
A91: CDB MR | B91: =H81 -> 0 | G91: =IFERROR(F91/B91,0) -> 0 | H91: =F91+E91 -> 0
A92: TOTAL | B92: =SUM(B85:B91) -> 4787260.9 | C92: =SUM(C85:C91) -> 0 | D92: =SUM(D85:D91) -> 0 | E92: =SUM(E85:E91) -> 4787260.9 | F92: =SUM(F85:F91) -> 0 | G92: =SUM(G85:G91) -> 0 | H92: =SUM(H85:H91) -> 4787260.9
A94: 46296 | B94: SALDO ANTERIOR | C94: ENTRADA | D94: SAÍDA | E94: SUB TOTAL | F94: RENDIMENTO $ | G94: RENDIMENTO % | H94: SALDO EM 30/10/26
A95: FUNDOS | B95: =H85 -> 2745923.8 | E95: =B95+C95-D95 -> 2745923.8 | G95: =IFERROR(F95/B95,0) -> 0 | H95: =F95+E95 -> 2745923.8
A96: CRÉDITO PRIVADO | B96: =H86 -> 269176.41 | E96: =B96+C96-D96 -> 269176.41 | G96: =IFERROR(F96/B96,0) -> 0 | H96: =F96+E96 -> 269176.41
A97: TÍTULOS PÚBLICOS | B97: =H87 -> 442317.98 | E97: =B97+C97-D97 -> 442317.98 | G97: =IFERROR(F97/B97,0) -> 0 | H97: =F97+E97 -> 442317.98
A98: PREVIDENCIA | B98: =H88 -> 945111.97 | E98: =B98+C98-D98 -> 945111.97 | G98: =IFERROR(F98/B98,0) -> 0 | H98: =F98+E98 -> 945111.97
A99: LCADI | B99: =H89 -> 361345.84 | E99: =B99+C99-D99 -> 361345.84 | G99: =IFERROR(F99/B99,0) -> 0 | H99: =F99+E99 -> 361345.84
A100: HELIO | B100: =H90 -> 23384.9 | E100: =B100+C100-D100 -> 23384.9 | G100: =IFERROR(F100/B100,0) -> 0 | H100: =F100+E100 -> 23384.9
B101: =H91 -> 0 | G101: =IFERROR(F101/B101,0) -> 0 | H101: =F101+E101 -> 0
A102: TOTAL | B102: =SUM(B95:B101) -> 4787260.9 | C102: =SUM(C95:C101) -> 0 | D102: =SUM(D95:D101) -> 0 | E102: =SUM(E95:E101) -> 4787260.9 | F102: =SUM(F95:F101) -> 0 | G102: =SUM(G95:G101) -> 0 | H102: =SUM(H95:H101) -> 4787260.9
A104: 46327 | B104: SALDO ANTERIOR | C104: ENTRADA | D104: SAÍDA | E104: SUB TOTAL | F104: RENDIMENTO $ | G104: RENDIMENTO % | H104: SALDO EM 30/11/26
A105: FUNDOS | B105: =H95 -> 2745923.8 | E105: =B105+C105-D105 -> 2745923.8 | G105: =IFERROR(F105/B105,0) -> 0 | H105: =F105+E105 -> 2745923.8
A106: CRÉDITO PRIVADO | B106: =H96 -> 269176.41 | E106: =B106+C106-D106 -> 269176.41 | G106: =IFERROR(F106/B106,0) -> 0 | H106: =F106+E106 -> 269176.41
A107: TÍTULOS PÚBLICOS | B107: =H97 -> 442317.98 | E107: =B107+C107-D107 -> 442317.98 | G107: =IFERROR(F107/B107,0) -> 0 | H107: =F107+E107 -> 442317.98
A108: PREVIDENCIA | B108: =H98 -> 945111.97 | E108: =B108+C108-D108 -> 945111.97 | G108: =IFERROR(F108/B108,0) -> 0 | H108: =F108+E108 -> 945111.97
A109: LCADI | B109: =H99 -> 361345.84 | E109: =B109+C109-D109 -> 361345.84 | G109: =IFERROR(F109/B109,0) -> 0 | H109: =F109+E109 -> 361345.84
A110: HELIO | B110: =H100 -> 23384.9 | E110: =B110+C110-D110 -> 23384.9 | G110: =IFERROR(F110/B110,0) -> 0 | H110: =F110+E110 -> 23384.9
B111: =H101 -> 0 | G111: =IFERROR(F111/B111,0) -> 0 | H111: =F111+E111 -> 0
A112: TOTAL | B112: =SUM(B105:B111) -> 4787260.9 | C112: =SUM(C105:C111) -> 0 | D112: =SUM(D105:D111) -> 0 | E112: =SUM(E105:E111) -> 4787260.9 | F112: =SUM(F105:F111) -> 0 | G112: =SUM(G105:G111) -> 0 | H112: =SUM(H105:H111) -> 4787260.9
A114: 46357 | B114: SALDO ANTERIOR | C114: ENTRADA | D114: SAÍDA | E114: SUB TOTAL | F114: RENDIMENTO $ | G114: RENDIMENTO % | H114: SALDO EM 30/12/26
...
